,Year,Team,Wins,Losses,Ties,TrueWins,PF,PA,PointDif,Sos,OffenseSpend,DLineD,DLineSpend,SecondaryD,SecondarySpending,OLineO,OLineSpend,CornerD,CornerSpend,DTackleD,DTackleSpend,DefensiveEndD,DefensiveEndSpend,LinebackerD,LinebackerSpend,GuardO,GuardSpend,QuarterbackO,QuarterBackSpend,WideReceiverO,WideReceiverSpend,TightEndO,TightEndSpend,TackleO,TackleSpend,SafetyD,SafetySpend,LeftTackleO,LeftTackleSpend,SpecialTeamSpend,RunningBackO,RunningBackSpend,PuntSpend,Kspend,CenterO,CenterSpend,RightTackleO,RightTackleSpend,LSSpend,FullbackO,FullbackSpend,DefenseSpend,TotalSpend
1,2013,Arizona Cardinals,10,6,0,10,379,324,55,3,49.27296371,39.58239097,18.24,27.70651615,12.7674666,38.12380039,18.78472633,21.62647511,9.965716988,7.465366854,3.440122946,39.32786044,18.12270954,25.50025655,11.75079797,21.18522073,10.43858612,12.33205374,6.076368365,30.25431861,14.90719943,8.709213051,4.291287386,8.157389634,4.019387634,6.080041047,2.801749616,1.943378118,0.957559995,4.645939236,10.60460653,5.225203925,1.548646412,2.021515546,8.781190018,4.326752571,6.214011516,3.061827639,1.075777279,0,0,46.08109706,84.59
2,2013,Atlanta Falcons,4,12,0,4,353,443,-90,2.9,54.75551406,22.30982249,9.24,38.12341504,15.78947368,28.38874681,15.54440425,21.386306,8.857509628,21.24542125,8.799159762,4.790081713,1.983895437,35.841082,14.84420586,16.0912191,8.810829735,17.26342711,9.452678259,30.34953112,16.61804178,12.10571185,6.628544754,9.953111679,5.449877465,16.73710904,6.931964056,5.43478261,2.975843156,3.827751196,10.35805627,5.671606955,0.548488738,2.824133504,2.72804774,1.493756564,4.113384485,2.25230482,0.455128953,1.534526853,0.840238067,41.41673474,85.69
3,2013,Baltimore Ravens,8,8,0,8,320,352,-32,-1.5,42.35225956,30.43171722,16.51,24.79709525,13.45307068,40.49247605,17.14947856,13.86159761,7.5202781,31.26868859,16.96407879,3.972661256,2.155272306,39.94019649,21.66859791,17.56497948,7.439165701,15.78659371,6.685979143,17.31874145,7.334878331,8.481532148,3.59212051,20.60191518,8.725376593,10.91413926,5.921205098,17.26402189,7.31170336,3.395133256,13.84404925,5.863267671,2.271147161,0.44032445,2.325581396,0.984936269,3.337893297,1.413673233,0.683661645,4.076607388,1.726535342,54.25260718,86.3
4,2013,Buffalo Bills,6,10,0,6,339,388,-49,-0.1,43.11576941,46.26892146,25.19,32.94683876,17.93711291,34.66850828,14.94759409,12.88558302,7.015245355,31.56858456,17.1867556,23.56158389,12.82753692,11.94486983,6.503096713,7.872928178,3.394473559,11.79558011,5.085755121,21.54696133,9.290138161,11.93370166,5.145307289,12.54143647,5.407336827,20.06125575,10.92186756,4.309392265,1.858027632,2.441638876,18.37016575,7.920438304,0.40495474,0.94092425,14.28176796,6.15769414,8.2320442,3.549309195,1.095759886,1.685082873,0.726536446,54.44259171,83.96
5,2013,Carolina Panthers,12,4,0,12,366,241,125,1.4,55.37219947,35.64407165,15.1,25.3909582,10.75644423,31.21601044,17.28499157,9.382996871,3.974945796,13.07932897,5.540833534,29.85499005,12.64755481,31.67472276,13.41845338,9.963019361,5.516742954,14.7705025,8.178752108,23.29780291,12.9005059,9.593212966,5.311973019,7.004568197,3.878583474,16.00796133,6.781498434,4.676963237,2.589737413,2.264514575,16.59778116,9.190556492,0.542038063,0.782943869,14.22666957,7.877619851,2.327604959,1.288846061,0.939532643,4.546443333,2.517465671,42.36328596,83.02
6,2013,Chicago Bears,8,8,0,8,445,478,-33,-2.1,44.00882909,20.36744513,10.34,30.91097308,15.69266344,19.91879628,8.76602901,24.86542444,12.62350221,18.71635611,9.50178684,2.670807452,1.355896573,47.68115943,24.20643263,11.7506568,5.171326466,21.28015285,9.3651461,31.2873179,13.76918226,4.824456651,2.123186882,4.155720086,1.82888375,6.045548654,3.069161236,1.361356581,0.599117091,5.223880597,21.18461906,9.323102796,1.429472357,2.932520496,4.012419393,1.765818793,2.794363507,1.22976666,0.861887744,1.480773823,0.651671221,50.76729031,95.14
7,2013,Cincinnati Bengals,11,5,0,11,430,305,125,-2.5,37.19381177,53.33875209,30.95,31.99407518,18.56467555,48.38243789,17.99527288,22.82910572,13.24666953,21.53304944,12.49462828,35.77115349,20.75633863,11.64599148,6.757627847,7.856730214,2.922217447,6.268053149,2.33132789,20.88388215,7.767511818,10.05199307,3.738719381,31.83131138,11.83927804,9.16496945,5.318006016,20.16175621,7.498925655,4.780833691,13.08492201,4.866781263,2.29909755,1.353674259,8.694396304,3.233777396,11.66955517,4.340352385,1.128061882,1.328711728,0.494198539,58.02535453,93.08
8,2013,Cleveland Browns,4,12,0,4,308,406,-98,-1.6,39.597141,29.49778801,17.07,24.09611498,13.94411956,62.84870365,24.8862898,19.60476084,11.34502924,14.55198742,8.421052632,23.75926341,13.74918778,37.59263417,21.75438596,14.27633738,5.653021442,11.02723991,4.366471735,15.12963571,5.990903184,5.218247456,2.066276803,36.33081719,14.38596491,4.491354143,2.599090318,31.60485723,12.51461988,2.53411306,5.808992452,2.300194932,0.428849903,1.000649773,13.29176239,5.263157895,3.675746635,1.455490578,1.104613385,0,0,57.86874594,76.95
9,2013,Dallas Cowboys,8,8,0,8,439,432,7,-1.1,48.76789486,8.892344795,4.37,33.16618912,16.29899085,39.99037536,19.50246421,25.78796562,12.67308144,3.724928366,1.830556207,6.709646609,3.29734804,56.37535817,27.70476414,4.499518768,2.194320582,28.39268527,13.8465149,15.18286814,7.404365172,11.54956689,5.632480638,24.15784408,11.781272,7.402101242,3.637643746,7.001924928,3.414691387,2.08871157,4.643888354,2.26472659,0.551513729,0.551513729,11.33301251,5.526871626,17.15591915,8.366580615,0.985684112,0.264677574,0.129077681,49.14339357,85.22
10,2013,Denver Broncos,13,3,0,13,606,399,207,-1.6,55.07773735,22.55412201,9.05,48.36493544,19.40677032,38.29829831,21.09383615,31.93184942,12.81287904,14.20719978,5.70073878,10.66226986,4.278310729,26.76559495,10.73988312,13.15315315,7.244459147,28.16816817,15.51438968,13.91391391,7.66346896,12.05205205,6.637997574,22.78278278,12.54824126,16.43308601,6.593891278,20.46046045,11.26915867,4.796559709,7.547547546,4.157018414,1.653986107,2.745616937,2.362362362,1.301135737,2.322322322,1.279082589,0.396956666,0,0,40.12570294,90.69
11,2013,Detroit Lions,7,9,0,7,395,376,19,-2.8,56.64535282,41.9214989,17.5,24.80853392,10.35624572,22.63656521,12.82256223,11.57002188,4.829869833,33.45185996,13.96437543,14.41466083,6.017355561,27.32494529,11.40671386,7.98226164,4.521580269,36.242693,20.52980132,25.35779077,14.36401005,7.397702077,4.190454442,7.619431567,4.316053894,13.23851203,5.526375885,3.043741181,1.724137931,1.609956611,6.71235638,3.802237954,0.422470884,0.593742864,7.055029228,3.996346198,4.555533159,2.580497831,0.593742864,1.632735335,0.924868691,41.74469057,87.58
12,2013,Green Bay Packers,8,7,1,8.5,417,428,-11,-2.4,48.29568789,28.43173179,13.67,33.58957933,16.14989733,30.80357142,14.87679671,24.62096946,11.83778234,24.23660046,11.65297741,4.954089259,2.381930185,37.21973094,17.89527721,16.56037415,7.997946612,22.23639455,10.73921971,17.87840136,8.63449692,20.17431973,9.743326489,11.03316326,5.328542094,8.968609865,4.31211499,0.914115645,0.441478439,3.624229979,4.336734693,2.094455852,0.934291581,1.991786448,3.210034013,1.550308008,10.14030612,4.897330595,0.698151951,4.570578231,2.207392197,48.08008214,97.4
13,2013,Houston Texans,2,14,0,2,276,428,-152,1.9,54.65424124,28.80091867,12.45,47.47672709,20.52313883,29.23851966,15.98009107,33.09652132,14.306894,2.743753062,1.186063751,27.75600195,11.99830562,22.04801568,9.530869427,8.09920558,4.426559356,18.38790932,10.04977232,24.43324936,13.35380705,11.00561907,6.015037594,10.85061035,5.930318755,14.35570799,6.205654983,9.300523154,5.083130361,2.117970984,15.3458632,8.387165096,1.143704331,0.381234777,10.28870374,5.623212962,1.550087193,0.847188394,0.593031875,1.569463281,0.857778248,43.22778778,94.43
14,2013,Indianapolis Colts,11,5,0,11,391,337,54,0.6,46.41090469,20.8368209,9.95,39.89410681,19.05023634,42.39696826,19.67681653,17.12707182,8.178520391,3.775322283,1.802792129,19.106814,9.123886996,37.20073664,17.76409805,11.79535765,5.474332197,15.65608716,7.266131692,22.99857887,10.67384852,4.263382283,1.978674288,22.57224064,10.47598109,22.76703499,10.87171595,4.168640454,1.934703748,5.83708915,13.00331596,6.034956579,2.53929867,2.891062988,8.029369968,3.726503243,18.40360019,8.541277344,0.406727493,1.681667456,0.78047708,47.75200616,90.97
15,2013,Jacksonville Jaguars,4,12,0,4,247,449,-202,1.5,54.85951835,28.51997128,11.39,18.48528356,7.382454128,31.09485237,17.05848624,9.332376165,3.72706422,23.83345298,9.518348624,17.08542713,6.823394495,40.63173007,16.22706422,16.17454926,8.873279817,18.10817873,9.934059633,14.76352234,8.099197248,15.52129605,8.514908257,9.563626861,5.246559633,9.152907392,3.655389908,8.361640971,4.587155963,5.203555046,19.44081525,10.66513761,0.802752294,3.913417431,5.356676248,2.938646789,1.20198589,0.65940367,0.487385321,1.045205121,0.573394495,39.93692661,69.76
16,2013,Kansas City Chiefs,11,5,0,11,430,305,125,-1.7,42.76392449,18.83808391,10.15,42.06314879,22.66371475,42.01634877,17.96783966,20.35034603,10.96481007,4.974048444,2.680027966,16.9766436,9.147051969,35.98615918,19.38941972,10.29972752,4.4045677,21.52588556,9.205313447,14.60490463,6.245630389,7.084468666,3.029596831,29.78201634,12.73595898,21.69117647,11.68725239,29.20980927,12.49126078,3.355861105,13.6239782,5.826147751,1.596364484,1.27010021,1.934604906,0.827312981,0.572207086,0.244698206,0.489396411,1.117166214,0.477744116,53.8802144,85.82
17,2013,Miami Dolphins,8,8,0,8,317,335,-18,0.3,41.31025119,44.5773945,24.74,33.23139653,18.44308667,45.08353874,18.6241231,23.07849134,12.80832768,13.59836901,7.546956325,36.83995923,20.44580222,16.35066259,9.074451233,19.22760887,7.942973523,14.270063,5.894998869,21.28184059,8.791581806,14.65351958,6.053405748,19.28238839,7.965603078,10.1529052,5.634758995,5.01232539,2.070604209,3.190767142,4.711038072,1.946141661,1.651957456,0.441276307,6.573541496,2.715546504,14.270063,5.894998869,1.097533379,0,0,55.49898167,88.38
18,2013,Minnesota Vikings,5,10,1,5.5,391,480,-89,-1.1,50.26581883,58.27737104,28.03,17.16514954,8.256020015,32.84944007,16.51204003,7.542262678,3.627645158,14.56436931,7.005107891,46.18552232,22.21411446,22.10663199,10.63275305,8.938199917,4.492859377,14.74491912,7.411654331,15.67814185,7.880746378,7.403566984,3.721463567,16.03069266,8.057958928,9.601213697,4.617950589,7.258399003,3.648493693,1.636610028,24.9481543,12.54039404,0.364849369,0.416970708,7.859809206,3.950797456,8.772293653,4.409465235,0.854789951,4.396515967,2.209944751,48.09757115,95.93
19,2013,New England Patriots,12,4,0,12,444,338,106,-0.7,50.06365004,36.00780162,16.51,32.50883392,14.90568221,42.09431345,21.07394977,17.44068652,7.996759634,30.08581525,13.79469969,11.58505805,5.311885198,25.82029277,11.83890753,26.07489598,13.05404467,27.27693019,13.65582687,16.55108645,8.286078,7.743874248,3.876866103,14.12390199,7.070940863,15.0681474,6.908922578,7.420249654,3.714847819,4.085175327,5.432269996,2.71959264,0.381900243,3.182502025,1.895515487,0.94896424,6.726768376,3.367665779,0.520773059,0.901525659,0.451336651,45.85117463,86.41
20,2013,New Orleans Saints,11,5,0,11,414,304,110,1.9,52.1881954,17.3822103,7.9,40.61552809,18.45925612,29.40101523,15.34385928,21.8932152,9.950196037,8.207041267,3.72999894,10.21217067,4.6413055,42.10771743,19.13743775,18.74111675,9.78065063,29.78680204,15.54519445,19.10659899,9.971389213,5.807106599,3.030624139,7.350253807,3.835964819,18.72231289,8.509060083,2.355329949,1.229204196,2.363039101,14.98477157,7.820281869,1.6636643,0.052982939,3.309644669,1.727243827,4.994923858,2.606760623,0.646391862,0.913705583,0.476846455,45.4487655,94.37
21,2013,New York Giants,7,9,0,7,294,383,-89,0.2,53.20409262,32.97838734,14.47,45.60628376,20.01077006,38.07692308,20.25848142,21.35493373,9.369951535,6.406480118,2.81098546,29.11143839,12.77329025,18.87579774,8.282175552,19.25101214,10.24232633,34.5951417,18.40603123,13.6437247,7.259019925,4.716599191,2.509423802,10.52631579,5.600430802,24.22680414,10.63004847,5.587044535,2.972536349,2.918686053,7.267206477,3.866451265,1.529348411,0.516962843,8.299595141,4.415724286,4.959514171,2.638664513,0.872374798,1.700404859,0.904684976,43.87722132,92.85
22,2013,New York Jets,8,8,0,8,290,387,-97,0,56.77134446,11.1677827,4.64,39.47446118,16.40088322,38.09420916,21.6265947,33.30380868,13.83709519,4.222025392,1.754170756,9.47741364,3.937684004,46.82609979,19.45534838,6.201382887,3.52060844,27.00950734,15.33366045,22.21261885,12.61040236,4.580812446,2.600588813,14.77960242,8.390578999,6.170652494,2.563788027,11.19273984,6.354268891,1.680569185,7.346585998,4.170755643,0.355740922,0.625613346,17.11322385,9.715407262,3.586862575,2.036310108,0.699214917,0.734658599,0.417075564,41.54808636,81.52
23,2013,Oakland Raiders,4,12,0,4,322,453,-131,0.2,47.71375465,12.74769636,5.4,48.53005704,20.55762082,32.91780288,15.7063197,24.13339184,10.22304833,9.521720051,4.033457249,14.17288284,6.003717472,27.77534007,11.76579926,11.68679392,5.576208178,1.285547332,0.6133829,15.34865602,7.323420074,5.220101286,2.49070632,13.75146085,6.56133829,24.3966652,10.33457249,7.908063888,3.773234201,9.925650558,37.7093884,17.99256506,0.6133829,7.583643123,7.47954811,3.568773234,5.882352941,2.80669145,1.728624535,7.47954811,3.568773234,42.3605948,53.8
24,2013,Philadelphia Eagles,10,6,0,10,442,382,60,-1.9,64.45182724,13.84182359,4.64,33.69672943,11.29568106,34.63917527,22.3255814,15.69210439,5.260243632,7.56524612,2.535991141,7.796498183,2.61351052,50.97456229,17.08748616,11.64948454,7.508305648,18.12714776,11.68327796,25.97938145,16.74418605,7.457044673,4.80620155,21.56357389,13.89811739,18.00462504,6.035437431,15,9.667774086,2.026578073,8.367697595,5.393133998,0.542635659,0.57585825,1.426116839,0.919158361,6.563573883,4.2303433,0.908084164,5.429553265,3.49944629,33.52159468,90.3
25,2013,Pittsburgh Steelers,8,8,0,8,379,370,9,-2.5,44.54335641,19.89582747,10.57,41.99420769,22.31014397,23.63681224,10.52862952,14.62556889,7.770084625,4.116673562,2.187053522,17.74927596,9.429607649,36.24327679,19.25486317,9.351097952,4.165292889,30.27387121,13.48499835,22.03306193,9.814265304,18.11004195,8.06682053,7.772020725,3.461918892,27.36863881,14.54005935,6.020231927,2.681613364,2.329926366,5.008635578,2.231014397,0.25277503,1.538630619,6.538366643,2.912407957,1.727115716,0.769315309,0.538520717,0.937577104,0.417628311,53.12671722,90.99
26,2013,San Diego Chargers,9,7,0,9,396,348,48,-0.3,56.9259962,13.68956342,5.18,39.88200588,15.09096997,28.64705883,16.30762362,11.74041298,4.442460096,8.790560471,3.326264092,6.489675516,2.455631209,44.86725663,16.97734122,17.17647059,9.777876995,26.03921568,14.82308293,17.78431373,10.12389776,14.31372549,8.148230829,3.294117648,1.875209287,28.14159292,10.64850988,3.294117648,1.875209287,5.234959259,8.196078432,4.665699297,3.504855453,1.038062284,8.176470589,4.654537337,0,0,0.692041522,5.019607843,2.85746177,37.83904454,89.59
27,2013,San Francisco 49ers,12,4,0,12,406,272,134,1.8,48.39285714,21.72877153,9.94,44.13318025,20.18907563,30.99630996,15,24.0413318,10.99789916,6.475315729,2.962184874,16.34902411,7.478991597,33.06544202,15.12605042,11.3088778,5.472689076,3.603212503,1.743697479,30.06294769,14.54831933,17.82070762,8.62394958,13.02365965,6.302521008,20.06888634,9.180672269,4.970696766,2.405462185,5.861344538,15.99739527,7.741596639,3.49789916,2.016806723,6.685478621,3.235294118,8.052962884,3.897058824,0.346638655,1.51942696,0.735294118,45.74579832,95.2
28,2013,Seattle Seahawks,13,3,0,13,417,231,186,1.4,55.97094638,57.71718447,24.13,23.45426674,9.805597095,39.96183205,22.36701559,6.15738375,2.574236274,13.92437404,5.821405683,47.72611141,19.9530015,14.89524783,6.227301859,4.751908397,2.659688101,2.175572519,1.217688528,24.0648855,13.46934416,18.26335878,10.22217475,25.83969465,14.46272164,17.29688298,7.23136082,18.45419847,10.32898953,2.22174749,14.48473282,8.107242042,1.121555223,0.491348003,9.370229007,5.244605853,7.385496184,4.133732109,0.608844264,1.04961832,0.587481307,41.80730613,93.62
29,2013,St. Louis Rams,7,9,0,7,348,364,-16,3.2,43.09304179,33.95777344,18.81,34.49835526,19.10944084,41.09408035,17.70868922,28.86513157,15.9890673,5.592105264,3.097597085,33.07976973,18.32365334,26.85032895,14.8730213,14.19133193,6.115476597,28.48837209,12.27650609,11.65433404,5.022207038,12.13002114,5.22719508,11.02008457,4.748889648,5.612664473,3.108985309,9.038054969,3.894772805,1.514633869,5.602536998,2.41430361,0.444140758,0.466917208,15.88266385,6.84432297,1.982029598,0.854116843,0.603575903,1.03065539,0.444140758,55.39232434,87.81
30,2013,Tampa Bay Buccaneers,4,12,0,4,288,389,-101,3.6,42.53975414,29.8592722,15.13,50.56754953,25.62309688,53.87062566,22.91643171,33.51880704,16.9843239,25.57311374,12.95815947,8.101491208,4.10510883,15.78010238,7.995940002,25.15906682,10.70260517,2.43902439,1.037554979,27.757158,11.80782677,4.957582185,2.108943273,19.67126193,8.368106462,17.02648565,8.627495207,13.67974549,5.8193301,6.78921845,8.907741252,3.789331228,2.853276193,3.450998083,9.040296926,3.845720086,5.991516438,2.548776362,0.484944175,2.067868505,0.879666178,50.6710274,88.67
31,2013,Tennessee Titans,7,9,0,7,362,381,-19,0.4,59.45132151,15.05468808,5.49,49.235474,17.95472287,39.59857438,23.54187577,24.43425077,8.910449426,11.49847095,4.193152671,5.290519879,1.929296309,33.97553517,12.38987398,11.01106734,6.546225047,9.397861565,5.587152894,17.06996811,10.14832162,10.3357719,6.144752983,25.4173701,15.11096242,24.7706422,9.033121445,14.18120428,8.430913349,4.081632653,21.96586007,13.05899409,1.193264191,2.464592394,3.151378729,1.8735363,11.23616582,6.680049069,0.423776068,1.631963984,0.970224155,36.46704583,89.67
32,2013,Washington Redskins,3,13,0,3,334,478,-144,-0.3,52.0315666,29.52344925,13.4,26.38627819,11.97611176,37.34371798,19.43052149,16.11842105,7.315772635,11.13721805,5.054921617,20.32424812,9.224698731,42.10526316,19.11058974,10.98585776,5.716113896,11.19081779,5.822757812,36.70834187,19.09992535,8.69030539,4.521702037,14.75712236,7.678361949,10.26785714,4.660339128,14.75712236,7.678361949,2.580782766,4.242672678,2.20752906,0.853151328,0.46923323,11.60073786,6.036045644,0,0,1.258398208,1.844640296,0.959795244,45.38765063,93.77
33,2014,Arizona Cardinals,11,5,0,11,310,299,11,1.3,44.08822192,37.89566183,20.18,32.15200684,17.12141883,26.58586901,11.72123693,26.08881298,13.89267849,7.429547397,3.956343793,35.65328779,18.98590268,24.76515798,13.18781264,10.15987623,4.479308777,30.78906653,13.57435198,29.42238268,12.97180537,9.12841671,4.024556617,8.432181538,3.717598909,6.041844579,3.217371533,5.930892211,2.61482492,2.660300136,4.100051572,1.807639836,1.36425648,0.363801728,7.993811244,3.524329241,2.475502836,1.091405184,0.932241928,0,0,53.25147794,87.96
34,2014,Atlanta Falcons,6,10,0,6,381,417,-36,-1.6,58.90801447,31.56121095,11.63,29.00922346,10.68961737,36.90675601,21.74103717,13.24010711,4.878851003,23.50490925,8.661330994,11.09788754,4.089463875,36.38797978,13.40861748,16.41541039,9.669992325,26.00037224,15.31630304,24.93951238,14.69137156,1.60059557,0.94287907,15.74539364,9.275298761,15.76911633,5.810766363,13.12116136,7.729415634,4.242955816,9.752466035,5.744984103,0.964806491,2.72996382,4.764563559,2.806709791,2.624232273,1.545883127,0.548185506,0.800297785,0.471439535,36.84902971,91.21
35,2014,Baltimore Ravens,10,6,0,10,409,302,107,-2.1,43.23831243,31.66469569,16.67,29.88953866,15.7354618,37.55274262,16.23717218,20.55447261,10.82098062,27.5070392,14.48118586,8.620316224,4.538198404,34.00476501,17.90193843,22.07278481,9.543899658,32.67405064,14.1277081,14.4778481,6.259977195,10.23206751,4.424173318,10.44303798,4.515393387,9.356725146,4.925883694,7.647679325,3.30672748,4.116305587,3.876582278,1.676168757,2.554161916,0.524515393,5.03691983,2.177879133,2.768987342,1.197263398,1.037628278,1.213080168,0.524515393,52.64538198,87.7
36,2014,Buffalo Bills,9,7,0,9,343,289,54,1.6,38.89231528,38.07231081,22.03,28.35216372,16.40557543,40.84998416,15.88750463,14.28266894,8.26446281,19.82519718,11.47156778,27.13707099,15.70247934,24.70688553,14.29628716,13.41579448,5.217713087,12.94005709,5.032687801,14.81129084,5.760453929,7.040913415,2.738374244,14.68442753,5.711113852,14.06949478,8.141112619,4.471931495,1.739237696,3.244110028,24.38947035,9.485629703,0.345380535,1.862587887,12.78147796,4.971012705,10.21249604,3.971876156,1.036141606,0,0,57.86357469,81.07
37,2014,Carolina Panthers,7,8,1,7.5,339,374,-35,-0.9,50.30449125,53.29160305,24.8,13.38604144,6.229383405,31.39974779,15.79548338,4.389312976,2.042628774,13.24972737,6.165947729,54.33478734,25.28546054,19.00218103,8.842933266,8.095838588,4.072570414,16.54476671,8.322760721,7.793190416,3.920324791,18.33543506,9.223547323,7.490542245,3.768079168,8.996728462,4.186754631,1.462799495,0.735853844,3.159096676,20.98360655,10.55569652,0.558233951,1.662014717,15.81336696,7.954833799,4.640605296,2.334432885,0.938848008,6.330390919,3.184470946,46.53641208,78.82
38,2014,Chicago Bears,5,11,0,5,319,442,-123,1,56.55823715,15.85286835,6.36,35.36762569,14.18911041,25.68542568,14.52722397,25.71926766,10.31829311,5.114792213,2.051999534,13.36820692,5.363180599,46.12031387,18.50297307,19.64543393,11.11111111,30.13811586,17.04558704,18.82086168,10.64474758,11.23479695,6.354203101,2.350030922,1.329136062,9.648358035,3.870817302,0.68027211,0.384749913,3.322840154,13.87342816,7.846566399,0.396409001,2.425090358,3.669346526,2.07531771,1.690373118,0.956045237,0.501340795,0.22675737,0.128249971,40.1189227,85.77
39,2014,Cincinnati Bengals,10,5,1,10.5,365,344,21,-0.6,41.94392132,42.69814936,23.27,35.40026877,19.29273907,36.99176851,15.51579828,25.87828759,14.10336891,23.53618738,12.82695125,21.13649452,11.51914626,19.92704933,10.86001255,21.65128461,9.081397782,20.70341731,8.683825068,20.22948366,8.485038711,14.74183088,6.183301946,13.51958094,5.670642394,9.521981186,5.189370161,11.74856573,4.927809165,3.557229546,6.535295585,2.741159238,1.841389412,1.109018623,1.795959093,0.753295669,1.771015217,0.742833229,0.606821511,0.798204041,0.334798075,54.49884913,95.58
40,2014,Cleveland Browns,7,9,0,7,299,337,-38,-1.5,43.8900083,25.58926277,14.07,38.30566933,21.06198886,60.70753443,26.6445419,28.4328519,15.63351902,15.24035352,8.379755837,15.08945894,8.296787958,31.36451822,17.2454664,7.453416148,3.271304966,5.590062112,2.453478725,21.33405347,9.363517838,9.343775317,4.100983762,32.02808533,14.05712931,9.872817417,5.428469835,27.65325412,12.13701553,1.125992651,3.051579799,1.339338627,0.438544506,0.118525542,21.19902781,9.304255067,4.374831219,1.920113785,0.580775157,0,0,54.98399905,84.37
41,2014,Dallas Cowboys,12,4,0,12,467,352,115,-1.8,51.97041194,15.96371258,7.14,55.00427717,24.6014539,40.58895705,21.09424818,46.79213002,20.928453,10.89250071,4.871827573,9.466780725,4.234153807,24.63644141,11.01900268,4.834355827,2.512434638,23.41104295,12.16681546,10.47852761,5.445733963,18.89570552,9.820175998,27.26380367,14.16911108,8.212147136,3.673000893,10.33128834,5.369213111,3.303150108,5.128834355,2.665476342,0.637673766,1.670705267,8.515337423,4.425455937,16.93251534,8.799897972,0.994771075,1.447852761,0.752455044,44.72643795,78.41
42,2014,Denver Broncos,12,4,0,12,482,354,128,1.6,54.84533852,16.96733006,7.1,42.87929696,17.94289422,36.63971603,20.09517629,27.88834323,11.66991131,13.59524425,5.688946571,4.781597311,2.000865239,38.76970794,16.22323167,16.76197989,9.193164612,26.95720765,14.78477179,27.07552751,14.84966472,5.363833564,2.941812676,17.07749951,9.366212416,14.99095373,6.272982912,12.56162493,6.889465715,3.30953926,3.963715243,2.173913043,2.606532555,0.248756219,2.819956616,1.546614752,4.515874581,2.476746701,0.454250487,0,0,41.84512222,92.46
43,2014,Detroit Lions,11,5,0,11,321,282,39,-0.4,48.738768,58.81183492,29.39,15.0779896,7.534913933,20.52421147,10.00324781,6.499133449,3.24780773,45.55892548,22.76713219,18.11091854,9.05055754,21.25216638,10.62033128,8.685028875,4.232976074,28.56508219,13.92226914,31.07507775,15.14561005,8.440693025,4.113889791,8.351843625,4.070585688,8.578856151,4.287106203,3.66503776,1.786294251,1.288297066,10.19546868,4.969145827,0.433041031,0.324780773,3.48733896,1.699686045,4.709018213,2.295117462,0.519649237,1.199466903,0.584605391,49.97293494,92.37
44,2014,Green Bay Packers,12,4,0,12,486,348,138,-0.3,41.93210394,10.300752,5.54,38.84667836,20.89270746,35.03248375,14.6898575,27.85895188,14.98323554,7.656341321,4.117770327,3.117085526,1.676445935,50.3798948,27.09555742,22.93853073,9.61860855,35.93203399,15.06705784,17.24137931,7.229673093,4.59770115,1.927912825,9.345327336,3.918692372,10.98772648,5.90947192,1.124437781,0.471500419,4.28541492,5.222388805,2.189857502,0.974434199,2.661357921,2.773613193,1.163034367,8.195902049,3.436714166,0.6496228,1.949025487,0.817267393,53.78248114,95.44
45,2014,Houston Texans,9,7,0,9,372,307,65,-2.3,55.98612606,15.32197307,6.26,45.49180328,18.58629351,37.32108524,20.89462983,37.47072598,15.30917354,3.512880562,1.43523502,14.81264637,6.051907667,36.18266978,14.7829207,3.524887844,1.973448152,7.925656911,4.437268269,31.95898313,17.89259658,7.135227516,3.994737472,20.44434949,11.44599928,8.021077283,3.277119962,15.85131382,8.874536539,3.157517043,14.95406964,8.372204282,1.889726109,0.562133716,13.37321085,7.487142686,4.57167272,2.559502452,0.71761751,0.704977568,0.39468963,40.8563569,83.61
46,2014,Indianapolis Colts,11,5,0,11,458,369,89,-1.1,38.61114047,27.66394983,15.62,36.40958443,20.55808054,36.35368191,14.03657119,23.83002621,13.45523729,10.42680644,5.887326921,18.81317859,10.62255576,34.81842007,19.65965543,16.28798248,6.288975795,21.62606077,8.350068703,26.99151383,10.42173132,6.159321105,2.378184124,16.53435532,6.38410316,12.57955822,7.102843251,7.254311525,2.800972413,4.925483564,8.814672873,3.403445725,2.515590318,1.923686714,3.5313441,1.363492231,9.307418559,3.593700454,0.486206532,0,0,56.46337596,94.61
47,2014,Jacksonville Jaguars,3,13,0,3,249,412,-163,-163,47.35412237,48.29597316,22.95,15.63509819,7.429718876,32.07782489,15.19017245,10.46482724,4.972832506,23.71364654,11.26860383,33.33333334,15.83982991,27.29306488,12.96952516,25.29309055,11.97732105,18.98228985,8.988896764,15.96408082,7.559650366,20.70341731,9.803921569,3.517086555,1.665485471,5.195128015,2.468698323,1.546520329,0.732341129,5.126387905,11.1499127,5.279943303,0.720529176,3.933380581,3.267647792,1.547365934,0.848091794,0.401606426,0.460666194,2.26989274,1.074887786,47.51948972,84.66
48,2014,Kansas City Chiefs,9,7,0,9,353,281,72,1.1,45.95528675,21.32702219,10.69,37.77203188,18.93293012,21.36310223,9.817474889,12.34647705,6.18857328,6.916612798,3.466897073,16.11721612,8.078626202,39.21568627,19.65655038,6.768507639,3.110487094,15.55816686,7.149800194,30.92831962,14.21319797,9.753231493,4.4821255,12.62044653,5.799762393,25.42555483,12.74435684,11.04582844,5.076142132,3.920509774,20.35252644,9.353061886,3.088886489,0.345609677,1.97414806,0.907225402,1.598119859,0.734420564,0.486013608,2.021151586,0.928826007,50.12420348,92.59
49,2014,Miami Dolphins,8,8,0,8,388,373,15,1.6,47.95831561,36.18995812,17.46,30.72514877,14.82347937,29.71175167,14.24925564,16.42054221,7.922160783,7.075159797,3.413441089,31.40841966,15.15312633,30.79127177,14.85538069,9.445676274,4.529987239,13.94678492,6.688643131,44.36807096,21.2781795,3.769401331,1.807741387,12.74944568,6.114419396,14.32664756,6.911952361,6.585365853,3.15823054,3.796256912,8.203991131,3.934495959,2.679710761,0.393449596,7.516629711,3.604849,6.164079823,2.956188856,0.723096555,0,0,48.24542748,94.04
50,2014,Minnesota Vikings,7,9,0,7,325,343,-18,-0.5,55.53997195,47.39320965,20.12,23.27827192,9.882403711,36.01398601,20.00215773,15.55273189,6.602654008,22.41423126,9.5155896,28.71664548,12.19117488,25.59085133,10.86417089,9.654234654,5.361959219,15.34576534,8.523033768,15.17094017,8.425935915,5.74980575,3.193440501,17.81274281,9.893192362,7.725540024,3.279749703,8.197358197,4.552810443,2.006688963,23.98989899,13.32398317,0.453123314,0.496277916,8.566433567,4.7577948,9.595959596,5.329593268,1.057287733,3.71017871,2.060632215,42.45333909,92.69
51,2014,New England Patriots,12,4,0,12,468,313,155,1.3,49.61939337,23.0079817,10.6,44.58566344,20.54104696,28.58154354,14.18198852,28.39349262,13.08115704,19.97966446,9.204824921,6.9649212,3.208806652,28.46975088,13.11628996,8.779797027,4.356482024,27.11824405,13.45590819,24.38045788,12.0974353,12.83927307,6.370769411,16.00188813,7.940039817,16.21759024,7.47160089,7.953740854,3.946597962,4.309638131,6.962473449,3.454737089,0.433306008,3.31420541,3.79985839,1.885466682,7.174887892,3.560135847,0.562126713,0.991267407,0.491860874,46.0709685,85.39
52,2014,New Orleans Saints,7,9,0,7,401,424,-23,-1.5,60.09163803,21.0858786,7.56,42.30031949,15.16609393,36.6183759,22.0045819,20.15974441,7.227949599,12.26837061,4.39862543,11.88498403,4.261168385,33.54632588,12.02749141,30.51849028,18.33906071,27.54479604,16.55211913,17.59435761,10.57273769,8.940144872,5.372279496,5.184902784,3.115693013,22.14057508,7.93814433,1.315287839,0.790378007,4.054982818,7.22455204,4.341351661,2.817869416,0.49255441,0.914982845,0.549828179,3.869614945,2.325315006,0.744558992,2.039649256,1.225658648,35.85337915,87.3
53,2014,New York Giants,6,10,0,6,389,400,-11,-0.4,51.10889332,30.60667978,13.81,48.29196364,21.78975383,31.48188328,16.09004214,16.88375522,7.618097139,5.06266896,2.284320248,28.87687392,13.02949656,17.76849349,8.017298736,12.30201779,6.28742515,34.60620526,17.68684853,20.89390323,10.67864271,2.929051855,1.497005988,13.90757214,7.10800621,31.40820841,14.17165669,12.69255804,6.487025948,3.770237303,8.418311999,4.302506099,1.663339987,1.142160124,5.272293339,2.694610778,1.215014104,0.620980262,0.964737192,1.648947712,0.842758927,45.12086937,90.18
54,2014,New York Jets,4,12,0,4,283,401,-118,2.3,58.21966978,21.52612536,7.93,33.16011692,12.21584111,46.71187834,27.19550132,22.18252679,8.171811438,7.664826243,2.82364202,18.09028905,6.66427375,41.08476778,15.13519981,6.473489519,3.768844221,9.391697493,5.467815267,26.24332101,15.27877483,5.774763666,3.362048337,26.48993012,15.42234984,10.97759013,4.044029672,21.92766132,12.76621201,4.941373534,10.48088779,6.101938263,0.502512563,3.637233788,13.74845869,8.004307251,4.562268804,2.656137832,0.801627184,1.418002466,0.825556353,36.83895669,83.58
55,2014,Oakland Raiders,3,13,0,3,253,452,-199,3.4,45.41392286,27.96108818,14.02,46.50562851,23.31843838,35.65510099,16.19238006,21.76360225,10.91251176,5.018761726,2.516462841,27.86116323,13.96989652,20.63789869,10.3480715,4.764370791,2.163687676,19.70481616,8.948730009,17.14137752,7.784571966,3.521491455,1.599247413,26.69601243,12.12370649,24.71857411,12.39416745,14.24132574,6.467544685,4.444967074,14.50025893,6.585136406,0.540921919,2.89275635,4.194717763,1.904985889,12.45468669,5.656161806,1.023047977,9.476954945,4.303857008,50.14111007,85.04
56,2014,Philadelphia Eagles,10,6,0,10,474,400,74,-0.7,53.06993543,9.965600489,4.45,39.06862746,17.44555106,45.49391627,24.14359199,23.79901961,10.6271205,7.156862745,3.195797308,3.749999999,1.674510233,50.0245098,22.33774762,17.71499278,9.40133523,5.609404,2.976907081,16.64260672,8.832220641,8.104763869,4.301192952,22.43761599,11.90762832,15.24509804,6.807486046,12.68302743,6.730874466,2.276458356,18.78737884,9.970449819,1.083506621,0.339279851,5.341307486,2.834628434,9.032790265,4.793695961,0.853671884,6.104351412,3.239575353,44.65360622,91.37
57,2014,Pittsburgh Steelers,11,5,0,11,436,368,68,-2,45.28069783,13.49231032,7.06,38.72622356,20.26392306,27.36478143,12.39096399,21.3079718,11.14963096,5.535370807,2.896443749,9.55332336,4.998881682,46.18508228,24.16685305,8.421832551,3.813464549,39.93578661,18.08320286,14.07755001,6.374412883,14.49740677,6.564526951,7.952580885,3.60098412,17.41825176,9.114292105,3.457643864,1.56564527,2.393200626,3.062484565,1.386714382,0.357861776,1.498546187,11.01506545,4.987698501,4.470239566,2.02415567,0.536792664,1.061990614,0.480876761,52.32610154,89.42
58,2014,San Diego Chargers,9,7,0,9,348,348,0,1.9,56.46546787,13.92626211,5.27,43.22033898,16.35551483,30.16227181,17.0312679,13.89225182,5.257129767,11.22881356,4.249226893,4.691283294,1.775283473,40.82929782,15.45069293,12.77890467,7.215668308,26.95740366,15.2216241,16.06490872,9.071125873,13.93509128,7.868514489,4.645030426,2.622838163,29.35835352,11.10983851,4.645030426,2.622838163,5.692360554,12.88032454,7.272935517,3.527660062,1.454587103,12.73833672,7.192761425,0,0,0.721566831,0,0,37.84217157,87.31
59,2014,San Francisco 49ers,8,8,0,8,306,340,-34,1.2,51.44162768,26.88676866,11.95,27.51529987,12.2293548,36.99238579,19.02948537,12.14198286,5.396583614,3.108935128,1.38178653,26.14443085,11.62006311,43.20685435,19.20356871,15.27072758,7.855510826,9.835025382,5.059297139,22.31387479,11.47862039,15.08037225,7.757588946,19.39509306,9.977151561,15.37331701,6.832771189,5.478003384,2.817974105,4.112718964,13.3037225,6.843651398,1.98019802,1.653791753,2.326565144,1.196822979,13.93824027,7.170057665,0.467848983,2.474619289,1.272984441,44.44565336,91.91
60,2014,Seattle Seahawks,12,4,0,12,394,254,140,0.8,43.4666045,38.81695422,20.56,35.67341548,18.8949761,47.5730759,20.67840075,9.991197183,5.291992074,19.36619718,10.25760578,25.85827464,13.69623499,19.08010564,10.10607297,8.286403862,3.601818394,4.263877716,1.853362863,13.78385626,5.991374286,13.38160365,5.816528733,24.72512738,10.74717333,25.68221831,13.60298403,23.73290426,10.31588763,3.566849283,19.44220971,8.4508684,1.247231612,1.515328127,14.56154465,6.329409022,0.884955753,0.384660217,0.792633174,1.716277822,0.746007693,52.96654622,85.79
61,2014,St. Louis Rams,6,10,0,6,324,354,-30,1,53.747577,52.51439556,23.39,12.5483559,5.589058798,40.15227408,21.58087443,8.34139265,3.715270299,11.75048356,5.233685117,44.80174081,19.95477062,31.64893618,14.09648934,4.588258866,2.466077967,30.47485475,16.37949602,10.73933079,5.772130088,12.2219996,6.569028645,27.56962532,14.8180056,4.20696325,1.873788499,20.25646163,10.88735731,1.712255008,5.549989982,2.982985139,0.592289468,0.506138273,7.994389902,4.296790868,7.313163695,3.930648288,0.613827267,0.881586856,0.473831574,44.54016799,92.86
62,2014,Tampa Bay Buccaneers,2,14,0,2,277,410,-133,-1.5,41.0453583,51.69540865,28.76,34.03445512,18.93458152,40.23893564,16.51621531,18.36939102,10.21954753,38.84214743,21.60927226,18.77003206,10.44243843,8.353365385,4.647275159,17.24137931,7.076785913,10.80640782,4.435528809,32.98941081,13.54062187,8.172685309,3.354507968,15.82948683,6.497269587,15.68509615,8.726178536,11.89247896,4.881310598,3.321074334,6.896551723,2.830714365,2.641257105,0.345480887,7.168069509,2.942159813,3.964159653,1.627103533,0.345480887,0.896008689,0.367769977,55.63356737,89.73
63,2014,Tennessee Titans,2,14,0,2,254,438,-184,-0.3,50.21751255,23.46020672,11.14,45.45454544,21.58393753,45.44646824,22.82208589,19.52078929,9.269380926,12.68498943,6.023424428,13.48367395,6.402677078,28.37679117,13.47462354,20.87960906,10.4852203,10.48422923,5.26491913,17.1257219,8.600111545,13.99378054,7.0273285,22.63438473,11.36642499,25.93375617,12.31455661,21.23500667,10.66369214,2.297824875,11.95024434,6.001115449,1.282766313,0.513106525,1.932474455,0.970440602,1.399378054,0.70273285,0.501952036,0.999555754,0.501952036,47.48466258,89.65
64,2014,Washington Redskins,4,12,0,4,301,438,-137,-0.2,51.62479834,36.73272817,17.16,19.88159842,9.287854344,44.99999999,23.23115925,14.03552047,6.556810325,18.8949186,8.826918645,23.43364578,10.94722286,37.76517021,17.6423139,13.32589286,6.879465315,11.94196429,6.16501498,31.04910715,16.02903895,6.183035715,3.191979719,24.82142858,12.81401245,5.846077947,2.731044019,22.90178571,11.82300069,1.659368518,4.486607143,2.31620189,0.36874856,0.495505877,6.852678571,3.537681493,0.959821429,0.495505877,0.795114082,2.299107143,1.186909426,46.71583314,86.78
65,2015,Arizona Cardinals,13,3,0,13,489,313,176,1.3,49.87933304,34.2054946,16.69,40.15287769,19.59192628,44.20497031,22.04914436,33.76798561,16.47652479,8.20593525,4.0039491,29.31654677,14.30451953,22.3471223,10.90390522,20.36507588,10.15796402,17.94589839,8.951294427,26.56696722,13.25142606,7.851330548,3.916191312,19.7053002,9.828872312,6.384892086,3.115401492,16.49439191,8.227292672,1.327336551,3.408840994,1.700307152,0.438788943,0.383940325,4.15658676,2.073277753,3.188915769,1.590609917,0.504607284,0,0,48.79333041,91.16
66,2015,Atlanta Falcons,8,8,0,8,339,345,-6,-3.4,56.6758472,37.77254769,13.99,29.55059812,10.94479703,23.19881681,13.14812597,11.96249596,4.430607113,23.34303265,8.645671177,21.92046557,8.118788169,25.18590365,9.328224165,10.35284175,5.867560771,31.16416649,17.66255538,37.03781956,20.99149802,4.394675681,2.490719674,9.697866048,5.496347743,17.58810217,6.514189917,7.775195436,4.406657885,6.286672255,2.619902811,1.484852114,2.945754999,2.670338882,3.126980773,1.772242845,1.922670612,1.089689858,0.670578374,1.605746883,0.91007065,37.03748054,83.51
67,2015,Baltimore Ravens,5,11,0,5,328,401,-73,2.6,50.15662651,10.21742606,4.62,45.80335731,20.71084337,35.2870526,17.69879518,31.01518786,14.02409639,4.929389822,2.228915663,7.354116707,3.325301205,41.88649082,18.93975904,15.92601489,7.987951807,28.82536633,14.45783133,14.36464088,7.204819277,15.58971895,7.819277108,15.15733846,7.602409639,14.78816946,6.686746988,13.98030267,7.012048193,4.626506024,4.80422772,2.409638554,2.048192771,2.012048193,4.203699255,2.108433735,1.177035792,0.590361446,0.56626506,1.128993514,0.56626506,45.21686747,83
68,2015,Buffalo Bills,8,8,0,8,379,359,20,-1.2,37.36410029,44.41999251,26.31,30.43641132,18.02751276,31.44299287,11.74839139,16.78216895,9.940093188,22.68215022,13.4346572,26.59674097,15.75327269,20.28469751,12.01464389,8.758907362,3.272686931,7.986935866,2.984246727,27.13776722,10.13978256,13.09382423,4.892389616,8.402612825,3.139560683,13.65424237,8.08741957,3.325415678,1.242511649,3.405813179,16.56769596,6.190370535,0.410472598,2.163301531,14.28147268,5.336143776,5.07719715,1.897049035,0.843132904,3.741092637,1.397825605,59.23008653,90.14
69,2015,Carolina Panthers,15,1,0,15,500,308,192,-3.9,51.37070605,46.69843913,20.99,17.50062235,7.866174331,31.583533,16.2246839,8.837440876,3.972250196,10.92855365,4.912162918,41.32437141,18.5744657,30.24645257,13.59516616,6.795905031,3.491104397,23.13221521,11.88318228,13.15617513,6.758420051,12.21956001,6.277274253,7.100849489,3.647756518,8.688075678,3.905113573,5.358309737,2.752601544,3.681324829,14.7680244,7.586438402,0.525903547,2.383350117,17.68677848,9.085822983,1.742539752,0.895154974,0.772071165,5.140492267,2.640707172,44.94796912,89.37
70,2015,Chicago Bears,6,10,0,6,335,397,-62,2.6,58.37537841,9.470216884,3.58,37.13713715,14.03884965,26.66378565,15.56508577,16.68335002,6.306760848,5.405405406,2.043390515,6.539873206,2.472250252,51.61828495,19.51311806,22.64477096,13.21897074,25.45375973,14.85872856,19.27398444,11.25126135,11.27917027,6.584258325,2.074330165,1.210898083,20.45378712,7.732088799,1.966292134,1.147830474,3.821897074,17.32929991,10.1160444,0.479313824,3.203834511,1.966292134,1.147830474,0.108038029,0.063067608,0.138748739,0,0,37.80272452,79.28
71,2015,Cincinnati Bengals,12,4,0,12,419,279,140,1.9,44.66059603,35.0726972,17.99,34.90014123,17.90149007,41.24189063,18.41887417,24.28888441,12.45860927,20.57696187,10.55463576,15.71515029,8.060844371,28.80774663,14.77649007,22.31232623,9.964817881,16.47358665,7.357201987,29.93512512,13.3692053,5.375347544,2.400662252,17.09916589,7.636589404,10.59108332,5.432533113,15.5699722,6.953642384,4.045943709,6.139944393,2.742135762,1.986754967,1.396937086,1.830398516,0.817466887,1.529193698,0.68294702,0.651903974,0.834105653,0.372516556,51.29346026,96.64
72,2015,Cleveland Browns,3,13,0,3,278,432,-154,3.5,41.72143311,18.65752316,10.46,47.74059368,26.76489294,49.21239838,20.53211787,33.31442616,18.67712529,3.478918509,1.950392198,16.3168841,9.147763409,32.48251088,18.21072716,10.51829268,4.388382446,12.93191057,5.395378418,26.90548781,11.2253551,8.689024391,3.625185499,24.13617886,10.06995972,14.44507468,8.098367607,18.54674797,7.737969048,2.215391138,2.99796748,1.250794997,1.558193767,0.328598686,14.55792683,6.073775705,4.065040651,1.695993216,0.328598686,0.787601627,0.328598686,56.06317575,94.34
73,2015,Dallas Cowboys,4,12,0,4,275,374,-99,-0.7,48.83829539,20.444255,9.66,52.70570793,24.90367776,30.43270381,14.86281378,43.29132692,20.45534151,9.537929329,4.506713368,14.33160366,6.771745476,23.42475909,11.06830123,6.430791298,3.14068885,29.52426487,14.41914769,19.74659335,9.643899591,14.558929,7.11033275,15.84986851,7.740805604,9.414381022,4.448336252,9.705952665,4.740221833,3.911266783,5.665790102,2.767075306,0.852305896,2.113251605,8.152043988,3.981319323,5.211570643,2.545242265,0.945709282,1.004064069,0.490367776,47.25043783,85.65
74,2015,Denver Broncos,12,4,0,12,355,296,59,2.1,55.10651629,15.7705638,6.66,42.26013847,17.84670008,32.12052302,17.70050125,21.76063304,9.189640769,7.022749754,2.965747703,9.446092976,3.989139515,41.2710188,17.42898914,12.69660792,6.996658312,24.90051165,13.72180451,29.99810498,16.53091061,10.32783779,5.691311612,18.00265302,9.920634921,20.49950544,8.657059315,17.16884594,9.461152882,2.662907268,2.671972712,1.472431078,1.691729323,0.365497076,1.402311919,0.772765246,0.852757248,0.469924812,0.605680869,0,0,42.23057644,95.76
75,2015,Detroit Lions,7,9,0,7,358,440,-82,2.4,55.54772807,39.19809511,16.55,26.80756396,11.31853939,15.32445572,8.512386991,10.73414906,4.532112246,24.88876529,10.50839497,21.10678532,8.911588588,27.16907676,11.4711753,8.45487212,4.696489374,27.1401395,15.07573089,37.43394631,20.7937067,11.20270556,6.222848421,5.178609174,2.876599742,16.07341491,6.786427146,4.417670683,2.453915698,2.230832453,8.201225957,4.555594693,0.516613831,1.174122344,1.669837243,0.927556651,0.760938491,0.422684044,0.540096278,0.718664131,0.399201597,42.22143947,85.17
76,2015,Green Bay Packers,10,6,0,10,368,323,45,2.5,44.65363012,12.68404975,6.47,34.50244697,17.5993343,34.28837642,15.31100478,16.92495922,8.633243187,3.099510604,1.581027668,10.09380098,5.148741419,52.30424144,26.6798419,22.6880969,10.13105887,32.75098999,14.62450593,20.2189611,9.028500104,5.287677615,2.361140004,9.550430934,4.264614104,17.57748776,8.966091117,1.141392965,0.509673393,4.337424589,5.683671093,2.537965467,0.977740795,2.600374454,2.049848591,0.915331808,8.385744236,3.744539214,0.748907843,1.793617517,0.800915332,51.00894529,96.14
77,2015,Houston Texans,9,7,0,9,339,313,26,-2.4,41.62378502,25.84445359,14.36,40.25519655,22.3670669,43.70879121,18.19325329,32.53755917,18.07890223,6.235850999,3.46483705,23.31755505,12.95597484,30.84996914,17.14122356,8.049450549,3.350485992,12.03296703,5.008576329,12.17032967,5.065751858,10.35714286,4.311034877,31.70329669,13.19611206,7.717637375,4.288164666,20.32967033,8.461978273,2.813036021,20.74175824,8.63350486,1.669525443,0.388793596,3.928571429,1.635220126,11.37362637,4.734133791,0.754716981,1.016483517,0.423098914,55.56317896,87.45
78,2015,Indianapolis Colts,8,8,0,8,333,408,-75,-2,36.94203864,18.17565049,10.44,36.14923641,20.76393515,29.39585212,10.85942705,28.39744829,16.31134799,11.57935434,6.651121475,8.602358399,4.941150344,43.66905083,25.08327781,11.69221521,4.31934266,23.29425909,8.605374195,27.29185451,10.08216744,8.446047489,3.120142127,15.1788398,5.607372863,7.75178813,4.452587164,14.24706943,5.263157895,5.618476571,11.57198678,4.274927826,2.476127026,2.131912059,2.524797116,0.932711526,0.931770364,0.344214968,1.010437486,0,0,57.43948479,90.06
79,2015,Jacksonville Jaguars,5,11,0,5,376,448,-72,-3,49.26320318,44.81974443,22.07,23.65661862,11.64891901,39.65065503,19.53318275,14.32940149,7.056039583,21.40672782,10.54103474,26.80209698,13.19780574,28.11271298,13.84317522,19.12663756,9.422394321,13.12227074,6.464450898,10.91703057,5.37807895,26.3537118,12.98268259,14.62882096,7.206625793,9.327217124,4.592879423,1.266375545,0.623857158,1.495105948,9.934497818,4.894051845,0.688394106,0.344197053,5.917030568,2.914918791,13.36244542,6.582768635,0.46251479,0,0,49.24169087,92.97
80,2015,Kansas City Chiefs,11,5,0,11,405,287,118,1.6,47.96160228,16.60548459,7.98,42.49075215,20.41953069,28.76204596,13.79473809,18.17509248,8.734297227,7.422934649,3.567196018,12.25647349,5.890021332,37.8051788,18.16781228,11.094638,5.321166153,37.50926611,17.99004503,10.47689647,5.024887414,3.879416851,1.860630481,16.20953793,7.774354112,24.3403206,11.69708462,12.99728194,6.233704669,3.981986253,16.72844082,8.023228253,3.187959232,0.426641384,1.482579689,0.711068974,3.212255992,1.540649443,0.367385636,2.619224117,1.256221854,48.05641147,84.38
81,2015,Miami Dolphins,6,10,0,6,310,389,-79,-1.9,39.53871499,37.58836682,22.05,37.86995031,22.21518185,48.9423077,19.35115955,20.91164398,12.26713978,17.1743357,10.07476872,30.48174551,17.8811304,14.4955714,8.503358256,3.493589745,1.381320492,16.53846154,6.539095172,15.38461539,6.08287923,13.36538462,5.284501331,28.52564102,11.2786719,16.93670339,9.935369408,24.2948718,9.605880117,1.799518439,5.769230769,2.281079711,0.380179952,0.380179952,16.92307692,6.691167152,4.230769231,1.672791788,1.02648587,0,0,58.66176657,78.91
82,2015,Minnesota Vikings,11,5,0,11,365,302,63,1.9,55.67406143,41.92889796,17.53,35.22959183,14.72909556,38.77394637,21.58703072,25.5867347,10.6975256,17.98469388,7.519197952,26.73469387,11.1774744,20.07653061,8.393771331,7.241379311,4.031569966,6.858237549,3.818259386,20.38314177,11.34812287,11.18773946,6.228668942,19.48275862,10.846843,9.642857143,4.031569966,8.659003833,4.820819113,2.517064846,22.03065134,12.26535836,0.458617747,1.631825939,12.04980843,6.708617747,10.82375479,6.026023891,0.42662116,0.766283524,0.42662116,41.80887372,93.76
83,2015,New England Patriots,12,4,0,12,465,315,150,-2.4,55.46893181,30.93045639,12.46,32.58232236,13.12543635,31.38242081,17.4074936,8.549971117,3.44426344,13.2293472,5.329299511,22.76140959,9.169187805,31.45580589,12.67163137,2.894902454,1.605771468,21.96349907,12.18291832,23.2641074,12.90435187,17.34843717,9.622992786,23.30606251,12.92762392,24.03235124,9.681172911,12.20893644,6.772166628,4.247149174,5.58002937,3.095182686,0.895973935,2.967186409,5.181455842,2.874098208,10.57268722,5.864556667,0.395624855,0.985945038,0.546893181,40.28391901,85.94
84,2015,New Orleans Saints,7,9,0,7,408,476,-68,-2.3,57.66298633,17.04697095,6.48,50.17289072,19.07202944,29.86095282,17.21871714,23.40940525,8.898527865,6.189488242,2.35278654,16.21715076,6.164563617,27.42047027,10.4232387,18.03054479,10.39695058,40.43765671,23.31756046,14.88488717,8.583070452,6.017779804,3.470031546,7.043537726,4.061514196,26.76348548,10.17350158,1.937542739,1.117245005,4.324395373,8.616366538,4.968454259,3.128286015,0.394321767,4.786870299,2.760252366,5.105994985,2.94426919,0.801787592,0.182356964,0.105152471,38.0126183,76.08
85,2015,New York Giants,6,10,0,6,420,442,-22,-2.2,54.00728597,30.92598575,13.34,42.35946159,18.27185792,36.38279933,19.64936248,35.36553181,15.25500911,5.30482977,2.288251366,29.9023489,12.89845173,22.40696754,9.665300546,13.36424958,7.217668488,24.89460372,13.44489982,24.32546375,13.13752277,3.098650928,1.673497268,20.69983136,11.17941712,6.993929797,3.016848816,17.51686341,9.460382514,2.857468124,10.62394604,5.737704918,0.455373406,1.195355191,2.339797639,1.263661202,3.182967959,1.719034608,1.206739526,0.695615514,0.37568306,43.1352459,87.84
86,2015,New York Jets,10,6,0,10,387,314,73,-3,48.30795262,22.75021386,11.25,56.33019675,27.85532995,47.39492118,22.89551607,46.12917024,22.81091371,9.709153122,4.801184433,14.37125749,7.106598985,19.69632164,9.739847716,6.304728546,3.045685279,7.421190894,3.585025381,29.35639229,14.18147208,5.845008757,2.823604061,25.78809108,12.45769882,10.20102652,5.044416244,17.81961471,8.608291032,2.241962775,9.106830123,4.399323181,0.401861252,1.226734349,15.323993,7.402707276,7.946584939,3.838832487,0.602791878,0.853765324,0.412436548,49.4500846,94.56
87,2015,Oakland Raiders,7,9,0,7,359,399,-40,2.3,48.30923375,32.01461709,14.85,33.79970546,15.67801435,53.35847278,25.77706934,9.008345606,4.178526699,15.58664703,7.229875897,20.83946981,9.666401002,29.74963182,13.79938518,2.097572473,1.013321189,3.111006363,1.502903336,21.02286118,10.15598315,8.248880509,3.984970967,27.5512609,13.30980303,24.79135985,11.49948765,12.30261607,5.943299556,5.305704201,6.646240867,3.210748036,1.275190709,2.994421041,23.7096394,11.45394512,15.27221306,7.377889104,1.02470682,7.612538299,3.677558921,46.38506205,87.83
88,2015,Philadelphia Eagles,7,9,0,7,377,430,-53,-1.3,52.53690037,13.17693506,5.85,43.22077921,19.18819188,35.46971028,18.63468635,23.97402596,10.64345018,7.948051948,3.528597786,7.246753247,3.217250923,41.6103896,18.47324723,3.07287094,1.614391144,25.1975417,13.23800738,14.04741001,7.380073801,9.152765584,4.808579336,24.82440737,13.04197417,19.22077922,8.533210332,13.21334504,6.941881919,3.067343173,16.94468832,8.902214022,1.602859779,0.645756458,7.594381037,3.989852399,10.77699737,5.661900369,0.818726937,0,0,44.39575646,86.72
89,2015,Pittsburgh Steelers,10,6,0,10,423,319,104,2.2,51.5705579,23.37504124,10.63,34.43298969,15.65869667,31.11363637,16.04547586,24.32989692,11.06422879,6.185567011,2.812939522,21.21134021,9.646038444,38.14432989,17.34646038,8.409090909,4.336615096,33.29545454,17.17065166,17.22727273,8.884200656,9.840909092,5.075011721,12.68181818,6.540084388,10.10309278,4.594467886,5.613636363,2.894983591,2.953586498,5.295454545,2.730895452,0.363338022,2.027660572,10.02272727,5.168776371,7.068181818,3.645100797,0.562587904,3.227272726,1.66432255,45.4758556,85.32
90,2015,San Diego Chargers,4,12,0,4,320,398,-78,2.2,54.86483404,22.98409001,9.32,43.54430379,17.6571233,27.83783784,15.27318353,19.07172996,7.733546253,21.37834037,8.668871906,4.838255977,1.961902589,30.23909985,12.26189118,14.44906445,7.92745523,33.95010395,18.62666819,12.37006237,6.78681419,15.71725572,8.623246264,10.87318087,5.965552641,24.47257384,9.92357705,7.11018711,3.900992358,4.585376982,10.66528067,5.851488537,3.524580814,0.353598722,2.536382536,1.391582069,3.243243243,1.779400023,0.718603855,0,0,40.54978898,87.67
91,2015,San Francisco 49ers,5,11,0,5,238,387,-149,3.8,55.27184959,16.93336748,6.72,34.85915492,13.83384146,33.14180648,18.31808943,11.42765685,4.535060976,4.513444303,1.791158537,16.99743918,6.745426829,43.62996159,17.31453252,10.82509768,5.983231707,28.88991036,15.9679878,22.89128935,12.65243902,4.550678005,2.515243902,19.16800736,10.5945122,23.43149808,9.298780488,12.77867157,7.06300813,5.043191057,7.193748564,3.976117886,0.444613821,3.836382114,3.148701447,1.740345528,6.389335785,3.531504065,0.74949187,3.355550449,1.854674797,39.68495935,78.72
92,2015,Seattle Seahawks,10,6,0,10,423,277,146,2.2,40.2313476,34.60169385,19.14,41.07068173,22.7183343,24.69810236,9.93637941,21.53910498,11.91440139,14.05269762,7.773279352,25.9723965,14.36668595,18.90422418,10.45691151,6.09545716,2.452284558,16.70500287,6.720647773,18.71765382,7.530364372,18.4013801,7.403123193,15.20989074,6.119144014,19.53157675,10.80393291,14.20356527,5.714285714,4.453441296,19.03392754,7.657605552,1.179872759,2.614227877,3.421506614,1.376518219,1.006325475,0.4048583,0.659340659,2.443933295,0.983227299,55.3152111,86.45
93,2015,St. Louis Rams,7,9,0,7,280,330,-50,3,42.50300317,39.66685995,21.59,14.3459069,7.808234138,33.99280576,14.44796331,7.764847513,4.226274981,15.54975923,8.463470569,27.74879615,15.10319974,42.35553773,23.05340177,5.472764646,2.326089331,9.5323741,4.051545266,20.34943474,8.649120891,25.38540596,10.7895599,25.95066804,11.02981326,6.581059391,3.581959157,15.39054471,6.541443704,3.068690619,8.633093524,3.669324014,1.845582614,0.556950966,2.543679341,1.081140111,9.866392599,4.193513159,0.655236431,2.826310379,1.20126679,54.42830621,91.57
94,2015,Tampa Bay Buccaneers,6,10,0,6,342,417,-75,-3,48.82171499,42.66423792,21.24,22.87484511,11.38803208,36.6186505,17.87785318,15.29120198,7.612584824,44.3370508,22.07279457,8.3023544,4.13325108,24.48574969,12.19000617,15.59262067,7.612584824,11.29643669,5.515114127,34.26838515,16.73041333,8.213292898,4.00987045,11.5491534,5.638494756,7.558859975,3.763109192,2.097548649,1.024059223,1.39420111,8.516552943,4.157927205,0.407156076,0.530536706,9.451604752,4.614435534,9.451604752,4.614435534,0.468846391,1.111953501,0.542874769,49.7840839,81.05
95,2015,Tennessee Titans,3,13,0,3,299,423,-124,-2.8,36.16304727,27.70700078,16.5,43.70124804,26.02485193,26.58959537,9.615607943,23.9274571,14.24921612,14.68408736,8.744628963,17.4726989,10.40529555,24.14196567,14.3769597,10.43673731,3.774242248,12.4598587,4.505864592,19.65317919,7.10718848,26.81438664,9.696899315,13.6480411,4.935547555,19.77379094,11.77563581,6.518946693,2.357449774,4.285216583,13.03789338,4.714899547,1.800023226,1.730344908,2.504816956,0.90581814,7.129094412,2.578097782,0.743235397,1.412973667,0.510974335,59.55173615,86.11
96,2015,Washington Redskins,9,7,0,9,388,379,9,-2.5,55.48902196,34.09756211,14.61,31.26293996,13.39543136,38.30935252,21.25748503,19.53933747,8.3721446,9.601449275,4.113994234,28.20910974,12.08693724,30.92650104,13.25127523,12.98960831,7.207806609,12.66986411,7.030383677,35.1518785,19.50543358,7.753796962,4.302506099,17.94564348,9.957862054,11.72360248,5.02328676,15.96722622,8.860057662,1.663339987,4.896083133,2.716788645,0.399201597,0.37702373,7.374100718,4.091816367,1.039168665,0.576624529,0.876025726,2.178257395,1.208693724,42.84763806,90.18
97,2016,Arizona Cardinals,7,8,1,7.5,418,362,56,-1.9,49.65418817,30.61933659,15.15,38.96161526,19.2776375,27.21644926,13.51410693,22.91990238,11.34043254,6.966940315,3.447140191,26.64743731,13.18476232,27.42400709,13.56899769,12.84545655,6.378307169,29.73690028,14.76561642,30.04642935,14.91931057,8.335175768,4.13876386,12.35905372,6.136787792,16.04171289,7.937204962,10.50187928,5.2146229,0.867274124,4.753482202,2.360302997,0.054890767,0.428147986,2.011938978,0.999011966,1.746628343,0.867274124,0.395213525,0,0,49.47853771,91.09
98,2016,Atlanta Falcons,11,5,0,11,540,406,134,0.1,59.59351561,36.91501034,12.96,26.08545831,9.157996613,27.54770604,16.4166465,12.68090972,4.451971933,11.30254997,3.96806194,33.35630599,11.71062182,29.25568575,10.2709896,11.95696305,7.125574643,33.65814048,20.0580692,28.86723507,17.20300024,7.226958992,4.306798935,10.23142509,6.097265909,13.40454859,4.706024679,5.907429963,3.520445197,5.298814421,2.33455136,1.391241229,2.129203968,2.504234212,5.339017458,3.181708202,3.491676817,2.080812969,0.67747399,1.177425902,0.701669489,35.10766997,82.66
99,2016,Baltimore Ravens,8,8,0,8,343,321,22,0.2,47.65805261,10.90476473,5.08,52.64982665,24.52699585,28.83079158,13.74019382,36.67657256,17.08583295,7.701832589,3.587909552,4.903417532,2.284263959,34.76968797,16.19750808,10.11861535,4.822335025,38.56209151,18.37794186,21.71387074,10.34840794,13.33817478,6.356714352,11.32897604,5.399169359,15.97325409,7.441162898,0.968288551,0.461467467,5.756806645,3.994190267,1.903553299,2.365020766,2.676511306,7.383200192,3.518689432,2.735415154,1.303645593,0.715274573,1.210360687,0.576834333,46.58514075,86.68
100,2016,Buffalo Bills,7,9,0,7,399,378,21,-1.6,46.12137805,31.71855985,16.08,43.49684969,22.05110655,31.28864704,14.43075519,22.27722773,11.2936345,32.53825382,16.49555099,3.645364536,1.848049281,20.31953196,10.30116359,7.593371259,3.502167465,16.72025723,7.71161305,21.0734603,9.719370294,12.88647044,5.94341775,15.38461538,7.095596623,21.24212421,10.76887976,10.06678209,4.642938627,3.18275154,16.69552313,7.700205339,0.444900753,1.939310974,8.285926292,3.82158339,5.317833293,2.452657997,0.787132101,1.360375959,0.627424139,50.69587041,87.66
101,2016,Carolina Panthers,6,10,0,6,369,402,-33,-1,59.82735724,33.83706171,11.47,21.71074111,7.359451085,33.29633741,19.92031873,8.22722821,2.788844622,23.31047993,7.901726428,14.16911525,4.803010181,40.84231145,13.84462151,2.94117647,1.759628154,29.67073621,17.75121735,10.06289308,6.020362992,10.58083611,6.330234617,12.70810211,7.602921647,13.4835129,4.570606463,7.972623011,4.76980965,6.274900398,14.85386607,8.88667552,2.257636122,3.209384683,17.66555679,10.56883577,4.273029966,2.556440903,0.818946436,1.960784314,1.173085436,33.89774236,90.36
102,2016,Chicago Bears,3,13,0,3,279,399,-120,0,54.97095254,16.78266165,7.34,22.43107769,9.810369396,33.18045862,18.23961416,17.61904762,7.705798531,5.338345864,2.334758303,13.05764411,5.710840732,59.52380953,26.03310315,21.63509472,11.89301765,27.07876371,14.88545435,31.28614158,17.19829004,5.643070787,3.102049764,10.52841475,5.787569878,4.812030075,2.104570865,2.532402792,1.392085937,1.293434177,2.811565304,1.545544229,0.460374877,0.438452264,1.036889333,0.569987943,7.976071784,4.384522635,0.383645731,0,0,43.73561329,91.23
103,2016,Cincinnati Bengals,6,9,1,6.5,325,315,10,0.4,46.7781654,38.94442233,19.68,40.26395939,20.34680895,37.66176794,17.6174841,26.9035533,13.59532116,21.17766497,10.70182639,18.78172589,9.491073261,19.77664974,9.993843628,18.73217811,8.762569259,19.91664839,9.316642725,24.93967976,11.66632465,5.483658696,2.565154935,17.0870805,7.993022779,13.36040609,6.75148779,15.55165607,7.274779397,2.688282372,10.63829787,4.976400575,1.98029961,0.092345578,1.842509322,0.861892058,1.535424435,0.718243382,0.625897804,1.381881992,0.646419044,50.53355223,97.46
104,2016,Cleveland Browns,1,15,0,1,264,452,-188,1.7,47.70577439,16.74937876,8.26,57.34325794,28.27897783,47.97277301,22.88578286,52.24735186,25.7659184,8.7603779,4.320203304,14.88691669,7.341521954,19.00944747,9.374558803,18.99970405,9.063955951,25.71766795,12.26881265,16.18822137,7.722716363,8.227286179,3.924890583,27.374963,13.05943809,5.095906098,2.513059438,21.81118674,10.40519554,2.978963716,6.688369341,3.190738388,1.863617111,0.536495835,1.627700504,0.77650713,0,0,0.578850769,0.739863865,0.352957786,49.31526189,70.83
105,2016,Dallas Cowboys,13,3,0,13,421,306,115,-0.2,55.90680489,20.31869243,8.15,49.00204708,19.65513702,25.20653571,14.09216874,34.92835209,14.0100585,11.18219038,4.485271477,9.672466737,3.879708509,30.14329581,12.09073181,7.637231502,4.269732115,29.02515145,16.22703479,23.70111988,13.25053885,11.40077107,6.373806836,14.94400587,8.354716207,14.04810645,5.634814739,8.169634661,4.56738171,3.9823463,10.79493299,6.035102125,0.975059017,2.216976291,2.62529833,1.467720415,5.929869653,3.315200657,0.790310993,0.715990454,0.400287386,40.11084881,97.43
106,2016,Denver Broncos,9,7,0,9,333,297,36,1.8,40.05127633,16.95280228,9.94,43.61216729,25.57128525,26.55162817,10.63426597,29.56273764,17.33363059,4.068441065,2.385464274,14.82889734,8.694682867,37.49049429,21.98194181,2.978012803,1.192732137,4.286111885,1.716642515,46.50709714,18.62668599,7.403284164,2.965109798,20.45644309,8.193066548,14.04942966,8.237654665,19.03701642,7.624568053,1.315349459,14.41692179,5.774161186,0.356704938,0.457028202,3.117172279,1.248467283,1.391594768,0.557351466,0.501616319,0.862788756,0.345557909,58.63337421,89.71
107,2016,Detroit Lions,9,7,0,9,346,358,-12,-0.6,54.11750395,26.3824406,10.94,39.7477266,16.48217978,26.32052146,14.24400924,16.83778234,6.982118964,19.03784101,7.894416738,13.05368143,5.412966792,28.16075096,11.67741151,7.372443246,3.989782265,35.04158238,18.96362973,26.34299842,14.25617321,8.563722185,4.634472692,16.83524388,9.11081377,22.88061015,9.48789685,12.92425264,6.994282934,4.415521226,5.86648685,3.174796253,0.985281596,2.578761708,2.112834345,1.14341321,0.921555406,0.498722783,0.839313952,0.854124522,0.462230872,41.46697482,82.21
108,2016,Green Bay Packers,10,6,0,10,432,388,44,0.1,46.70552722,17.36370476,8.84,35.96401554,18.30956594,31.08981503,14.52066202,19.17808219,9.763713959,2.269474545,1.155407515,15.82498467,8.056625377,45.96197098,23.39960446,11.05415645,5.162902051,28.81658123,13.45893619,28.81658123,13.45893619,5.059059505,2.362860414,17.98529084,8.400124909,16.78593335,8.545851983,7.042567417,3.289268242,2.383678568,7.154000445,3.341313625,0.353908608,1.623815968,2.072654334,0.968044134,8.9146423,4.163630686,0.405953992,1.114330288,0.520453836,50.91079421,96.07
109,2016,Houston Texans,9,7,0,9,279,328,-49,0.4,43.45427541,29.18720079,15.73,32.87401575,17.71695311,49.99999999,21.7271377,25.7480315,13.87651178,10.01968504,5.399957564,20.94488189,11.28792701,36.18110236,19.49925737,13.91601563,6.047103756,23.09570312,10.03607044,10.10742187,4.392106938,3.222656249,1.400381922,29.85839844,12.97475069,7.106299214,3.829832379,16.65039062,7.235306599,2.652238489,12.59765625,5.474220242,1.251856567,0.785062593,6.25,2.715892213,13.20800781,5.739444091,0.604710376,1.000976562,0.434967112,53.8934861,94.26
110,2016,Indianapolis Colts,8,8,0,8,411,392,19,-0.8,52.88209109,15.97664043,6.72,38.99592944,16.40223719,29.85106841,15.78586919,29.93215739,12.589887,9.443690637,3.972149298,8.792401627,3.698207967,42.76797828,17.98881406,8.633714654,4.565688848,28.16749407,14.89555987,20.61299375,10.90058213,15.60543924,8.252482593,17.03000216,9.005821253,9.063772047,3.812350188,14.00820203,7.407830156,5.056500399,8.007770343,4.234676407,2.020317315,2.431229312,4.208935895,2.225773314,0.755450032,0.399497774,0.59353955,0,0,42.06140852,87.61
111,2016,Jacksonville Jaguars,3,13,0,3,318,400,-82,0.2,45.20249221,44.51064504,23.36,32.07360506,16.83281412,35.21709167,15.91900312,22.16066482,11.63032191,33.47843293,17.57009346,12.74238227,6.687435099,21.70557973,11.39148494,13.43900758,6.074766355,16.58626235,7.497403946,20.39972433,9.221183801,18.97541925,8.577362409,19.68757179,8.899273105,9.912940246,5.202492212,8.201240524,3.707165109,2.315680166,9.533654952,4.309449637,1.484942887,0.36344756,2.09051229,0.944963655,10.77417873,4.8701973,0.46728972,0,0,52.48182762,96.3
112,2016,Kansas City Chiefs,12,4,0,12,389,311,78,0.7,47.64005293,24.21721068,11.7,31.31705089,15.13012792,22.5462963,10.74106749,8.787947956,4.245699162,16.45742981,7.951036612,10.27162748,4.962505514,41.97671765,20.28010587,3.449074075,1.643140715,30.71759259,14.63387737,24.14351852,11.501985,7.500000001,3.57300397,17.47685185,8.325981473,22.52910294,10.88442876,10.43981482,4.973533304,4.047198941,11.55092593,5.502867225,3.231142479,0.441111601,1.62037037,0.771945302,7.037037037,3.352448169,0.385972651,3.541666667,1.687251875,48.31274813,90.68
113,2016,Los Angeles Rams,4,12,0,4,224,394,-170,-0.5,45.89008924,29.61915022,14.98,32.5748781,16.47487083,32.06243604,14.71348051,25.14511261,12.71723814,18.22614349,9.217942696,16.57766427,8.384217943,32.62131415,16.49835604,3.991811669,1.831845937,16.17195497,7.421324566,28.94063459,13.28088304,9.544524054,4.379990606,22.15967247,10.16909347,7.452983515,3.769375294,9.672466736,4.438703617,3.53452325,11.31013306,5.190230155,1.867073744,0.986378581,5.910951894,2.712541099,11.02865916,5.061061531,0.681070925,3.42886387,1.57350869,50.57538751,85.16
114,2016,Miami Dolphins,10,6,0,10,363,380,-17,-1.3,44.11866161,47.27874549,25.61,34.09042667,18.46613775,49.15298411,21.68563873,15.81405222,8.566172243,23.8802802,12.935495,30.46062408,16.49994251,11.54744216,6.25503047,5.290591609,2.334138209,22.59577795,9.968954812,10.86786552,4.794756813,18.08704717,7.979763137,26.34870992,11.62469817,18.27637444,9.899965505,18.50403961,8.163734621,1.713234449,3.153505343,1.391284351,0.402437622,0.402437622,17.51368256,7.726802346,3.935366171,1.736230884,0.919857422,0,0,54.16810394,86.97
115,2016,Minnesota Vikings,8,8,0,8,327,307,20,-0.3,52.24968314,38.12127099,17.74,42.35133908,19.70849176,41.27754196,21.56738488,23.71765773,11.03717786,17.24920563,8.027038445,23.01407172,10.70975919,17.38538357,8.090409801,21.12391348,11.03717786,16.19163129,8.460076046,11.48170609,5.999155049,12.39134829,6.47444022,16.71720235,8.734685256,18.63368134,8.671313899,14.81706085,7.741867343,1.214617659,17.54598747,9.167722856,0.485847064,0.211237854,3.416211846,1.784959865,0.848999394,0.443599493,0.517532742,2.142712755,1.119560625,46.5356992,94.68
116,2016,New England Patriots,14,2,0,14,441,250,191,-2.7,55.59628823,34.15034273,13.47,34.35957014,13.55252606,33.34020195,18.53591477,9.381353472,3.700309314,10.02033111,3.952342765,29.10252687,11.47897812,26.54661632,10.47084431,2.225427571,1.237255127,21.26519679,11.8226601,23.5730476,13.10573949,16.79373583,9.336693779,30.37296517,16.88624126,24.97821667,9.852216749,22.9960849,12.78496964,4.960476572,5.707809602,3.173330278,1.317447588,3.184786344,0.741809191,0.412418376,5.64599217,3.13896208,0.458242639,1.050896352,0.584259365,39.44323519,87.29
117,2016,New Orleans Saints,7,9,0,7,469,454,15,0.6,51.86335404,18.88307396,8.29,47.20257236,20.72275551,35.6831791,18.50649351,10.35369775,4.545454545,10.45016077,4.587803501,16.20578778,7.114624506,26.1414791,11.47656691,12.76537833,6.62055336,34.43113773,17.85714286,9.499183451,4.926595144,10.99618944,5.70299266,14.80675013,7.679277244,36.8488746,16.17730096,6.967882417,3.613777527,4.234895539,9.227000543,4.785431959,2.936194241,0.437605872,8.111050625,4.206662902,6.886227544,3.571428571,0.861095426,1.115949918,0.578769057,43.90175042,70.84
118,2016,New York Giants,11,5,0,11,310,284,26,0.5,47.46007098,42.45608753,21.52,35.18599562,17.83496007,19.91119421,9.449866903,30.24070023,15.32830524,12.91028446,6.543921917,34.17943107,17.32475599,17.72428884,8.984028394,6.870764197,3.260869565,38.60715122,18.32298137,20.37859313,9.671694765,4.557139518,2.16282165,10.35288619,4.913487134,4.945295405,2.506654836,6.590324842,3.127772848,1.852262644,14.46599673,6.865572316,0.787488909,0.277284827,2.687543819,1.275510204,3.762561347,1.785714286,0.787488909,2.079925216,0.987133984,50.68766637,90.16
119,2016,New York Jets,5,11,0,5,275,409,-134,-0.1,46.96629213,28.12963801,13.97,48.5520362,24.11235955,42.08133971,19.76404494,36.13122171,17.94382022,10.85972851,5.393258427,20.74660634,10.30337079,19.81900452,9.842696629,8.732057418,4.101123596,15.28708134,7.179775281,31.36363637,14.73033708,3.923444976,1.842696629,19.42583732,9.123595506,12.42081448,6.168539326,9.354066987,4.393258427,3.370786517,8.110047848,3.808988764,0.337078652,2.370786517,13.92344498,6.539325843,9.306220097,4.370786517,0.662921348,0,0,49.66292135,89
120,2016,Oakland Raiders,12,4,0,12,416,385,31,1.3,45.92788971,23.53815584,11.18,44.78678275,21.27253446,51.51235282,23.65853659,26.92565305,12.78897137,11.96695691,5.683987275,12.99397187,6.171792153,30.45322617,14.46447508,21.70399446,9.968186638,6.488108983,2.979851538,26.87601017,12.34358431,8.081274534,3.711558855,19.00253983,8.727465536,17.86112972,8.483563097,8.566151005,3.934252386,6.5747614,3.9713692,1.823966066,3.255567338,2.555673383,10.82890787,4.973488865,10.43638883,4.79321315,0.763520679,3.070884323,1.410392365,47.49734889,94.3
121,2016,Philadelphia Eagles,7,9,0,7,367,331,36,1.6,50.16762452,18.91140649,8.79,30.80886141,14.31992337,52.24343676,26.20929119,10.63884596,4.944923372,15.94538897,7.411398467,6.697578568,3.11302682,46.57393096,21.64750958,6.085918855,3.05316092,15.4653938,7.75862069,8.448687351,4.238505747,9.045346062,4.537835249,31.83770883,15.97222222,20.17001545,9.375,15.27446301,7.662835249,3.352490421,16.1575179,8.105842912,1.831896552,0.526819923,14.31980907,7.183908046,15.20286396,7.626915709,0.981800766,0,0,46.47988506,83.52
122,2016,Pittsburgh Steelers,11,5,0,11,399,327,72,0.2,56.56290814,23.36695383,9.86,23.42017023,9.882455377,35.61670194,20.1458424,11.19422234,4.72355246,3.224142377,1.360470178,22.18209956,9.360034828,51.14779468,21.58249891,10.94862421,6.192860253,32.19164903,18.20853287,21.41620166,12.11362647,5.156821244,2.916848063,8.543390418,4.832390074,12.2259479,5.158902917,2.770829325,1.567261646,1.240748803,5.541658649,3.134523291,0.38093165,0.38093165,16.12468732,9.120592077,5.176063113,2.927731824,0.489769264,0.673465461,0.38093165,42.19634306,91.88
123,2016,San Diego Chargers,5,11,0,5,410,423,-13,0.9,54.01146132,32.39754074,14.46,39.58024692,17.6658585,33.52377065,18.10667842,29.2345679,13.04826978,25.75308643,11.49437955,9.950617285,4.441260745,25.43209877,11.35111307,17.15976331,9.268238924,22.5464191,12.17765043,23.54621506,12.71765484,10.71209957,5.785761516,14.8949194,8.044963632,10.34567901,4.617588715,8.202407672,4.430240247,1.35552127,9.773515609,5.278818603,0.341635442,0.374696936,1.469087941,0.793475865,5.978371761,3.229005951,0.639188891,0.632523975,0.341635442,44.63301741,90.74
124,2016,San Francisco 49ers,2,14,0,2,309,480,-171,-0.5,46.75281643,22.69573792,11.21,33.38550983,16.48994919,29.15190173,13.6293351,13.08139535,6.461232604,7.066189625,3.490170091,18.00089445,8.891097857,41.54740609,20.52131655,10.30002363,4.815551138,35.67210017,16.67771151,21.56862745,10.0839408,9.16607607,4.285398719,16.48948736,7.709299757,20.32647585,10.03976143,14.62319868,6.836757234,3.854649879,5.339003071,2.496134305,0.474928209,2.584493042,2.386014647,1.115529048,0.944956295,0.441793682,0.795228628,0,0,49.39253369,90.54
125,2016,Seattle Seahawks,10,5,1,10.5,354,292,62,-1.7,39.22768751,26.28197604,14.89,51.58122177,29.22323615,11.77304965,4.618295126,26.81202122,15.19029602,7.326654881,4.150901402,21.92103712,12.41931894,19.17108623,10.86133986,1.163120569,0.456265302,35.74468086,14.02181171,24.56737589,9.637213443,23.85815603,9.359002893,7.971631206,3.127086579,24.76920055,14.03294013,1.872340425,0.734475851,4.117516136,4.794326241,1.880703316,1.179612731,2.604050746,2.666666667,1.046071667,4.085106385,1.602492767,0.33385266,1.219858157,0.478522146,56.65479635,89.86
126,2016,Tampa Bay Buccaneers,9,7,0,9,354,369,-15,0.7,47.36621196,41.20172271,20.83,36.05230387,18.22665268,40.27470093,19.07660021,27.31423826,13.80902413,25.09339974,12.68625393,18.11955168,9.160545645,20.7347447,10.48268625,15.6623837,7.418677859,11.65263624,5.519412382,28.48914488,13.49422875,6.424457245,3.043022036,16.08329641,7.618048269,8.738065586,4.417628541,1.971643776,0.93389297,2.077649528,14.48825875,6.862539349,1.175236097,0.493179433,8.529020825,4.039874082,12.73814798,6.033578174,0.409233998,0.044306602,0.020986359,50.55613851,95.3
127,2016,Tennessee Titans,9,7,0,9,381,378,3,-1.2,46.86894034,22.72313855,11,36.66352498,17.74837459,33.00073012,15.46709251,21.04147031,10.18592449,9.048067861,4.380061595,16.87087653,8.166989848,37.41753063,18.11337972,11.65733755,5.463670583,12.19274763,5.714611612,23.92309565,11.21250143,17.57118521,8.235428311,14.60209297,6.843846242,15.64561734,7.573856507,5.062058896,2.372533364,4.722253907,12.26575809,5.748830843,2.041747462,1.870651306,6.741299588,3.159575682,9.540034073,4.471312878,0.809855139,1.070820152,0.501882058,48.40880575,87.67
128,2016,Washington Redskins,8,7,1,8.5,396,383,13,1.2,63.56536503,20.46,7.04,41.90789474,14.41992077,31.53490029,20.04527448,37.46710527,12.89190719,2.302631579,0.792303339,20.85526316,7.176004527,34.93421051,12.02037351,13.67521367,8.692699491,27.06552707,17.20430108,28.7571225,18.27956989,10.06054131,6.395019808,13.76424501,8.749292586,4.440789473,1.528013582,11.78774929,7.492925863,2.026032824,2.973646723,1.890209394,0.656479909,0.464063384,4.077635327,2.59196378,1.584757834,1.007357102,0.894170911,0,0,34.40860215,88.35