,Year,Team,Wins,Losses,Ties,TrueWins,PF,PA,Sos,OffenseSpend,DefensiveSpending,SecondarySpending,OLineSpend,CBSpend,DTSpend,DESpend,LinebackerSpend,GuardSpend,QBSpend,WRSpend,TESpend,TackleSpend,SafetySpend,LTSpend,SpecialTeamSpend,RBSpend,PuntSpend,Kspend,CenterSpend,RTSpend,LSSpend,FBSpend,DefenseSpend,TotalSpend
1,2013,Arizona Cardinals,10,6,0,10,379,324,3,49.27296371,18.24,12.7674666,18.78472633,9.965716988,3.440122946,18.12270954,11.75079797,10.43858612,6.076368365,14.90719943,4.291287386,4.019387634,2.801749616,0.957559995,4.645939236,5.225203925,1.548646412,2.021515546,4.326752571,3.061827639,1.075777279,NA,46.08109706,84.59
2,2013,Atlanta Falcons,4,12,0,4,353,443,2.9,54.75551406,9.24,15.78947368,15.54440425,8.857509628,8.799159762,1.983895437,14.84420586,8.810829735,9.452678259,16.61804178,6.628544754,5.449877465,6.931964056,2.975843156,3.827751196,5.671606955,0.548488738,2.824133504,1.493756564,2.25230482,0.455128953,0.840238067,41.41673474,85.69
3,2013,Baltimore Ravens,8,8,0,8,320,352,-1.5,42.35225956,16.51,13.45307068,17.14947856,7.5202781,16.96407879,2.155272306,21.66859791,7.439165701,6.685979143,7.334878331,3.59212051,8.725376593,5.921205098,7.31170336,3.395133256,5.863267671,2.271147161,0.44032445,0.984936269,1.413673233,0.683661645,1.726535342,54.25260718,86.3
4,2013,Buffalo Bills,6,10,0,6,339,388,-0.1,43.11576941,25.19,17.93711291,14.94759409,7.015245355,17.1867556,12.82753692,6.503096713,3.394473559,5.085755121,9.290138161,5.145307289,5.407336827,10.92186756,1.858027632,2.441638876,7.920438304,0.40495474,0.94092425,6.15769414,3.549309195,1.095759886,0.726536446,54.44259171,83.96
5,2013,Carolina Panthers,12,4,0,12,366,241,1.4,55.37219947,15.1,10.75644423,17.28499157,3.974945796,5.540833534,12.64755481,13.41845338,5.516742954,8.178752108,12.9005059,5.311973019,3.878583474,6.781498434,2.589737413,2.264514575,9.190556492,0.542038063,0.782943869,7.877619851,1.288846061,0.939532643,2.517465671,42.36328596,83.02
6,2013,Chicago Bears,8,8,0,8,445,478,-2.1,44.00882909,10.34,15.69266344,8.76602901,12.62350221,9.50178684,1.355896573,24.20643263,5.171326466,9.3651461,13.76918226,2.123186882,1.82888375,3.069161236,0.599117091,5.223880597,9.323102796,1.429472357,2.932520496,1.765818793,1.22976666,0.861887744,0.651671221,50.76729031,95.14
7,2013,Cincinnati Bengals,11,5,0,11,430,305,-2.5,37.19381177,30.95,18.56467555,17.99527288,13.24666953,12.49462828,20.75633863,6.757627847,2.922217447,2.33132789,7.767511818,3.738719381,11.83927804,5.318006016,7.498925655,4.780833691,4.866781263,2.29909755,1.353674259,3.233777396,4.340352385,1.128061882,0.494198539,58.02535453,93.08
8,2013,Cleveland Browns,4,12,0,4,308,406,-1.6,39.597141,17.07,13.94411956,24.8862898,11.34502924,8.421052632,13.74918778,21.75438596,5.653021442,4.366471735,5.990903184,2.066276803,14.38596491,2.599090318,12.51461988,2.53411306,2.300194932,0.428849903,1.000649773,5.263157895,1.455490578,1.104613385,NA,57.86874594,76.95
9,2013,Dallas Cowboys,8,8,0,8,439,432,-1.1,48.76789486,4.37,16.29899085,19.50246421,12.67308144,1.830556207,3.29734804,27.70476414,2.194320582,13.8465149,7.404365172,5.632480638,11.781272,3.637643746,3.414691387,2.08871157,2.26472659,0.551513729,0.551513729,5.526871626,8.366580615,0.985684112,0.129077681,49.14339357,85.22
10,2013,Denver Broncos,13,3,0,13,606,399,-1.6,55.07773735,9.05,19.40677032,21.09383615,12.81287904,5.70073878,4.278310729,10.73988312,7.244459147,15.51438968,7.66346896,6.637997574,12.54824126,6.593891278,11.26915867,4.796559709,4.157018414,1.653986107,2.745616937,1.301135737,1.279082589,0.396956666,NA,40.12570294,90.69
11,2013,Detroit Lions,7,9,0,7,395,376,-2.8,56.64535282,17.5,10.35624572,12.82256223,4.829869833,13.96437543,6.017355561,11.40671386,4.521580269,20.52980132,14.36401005,4.190454442,4.316053894,5.526375885,1.724137931,1.609956611,3.802237954,0.422470884,0.593742864,3.996346198,2.580497831,0.593742864,0.924868691,41.74469057,87.58
12,2013,Green Bay Packers,8,7,1,8.5,417,428,-2.4,48.29568789,13.67,16.14989733,14.87679671,11.83778234,11.65297741,2.381930185,17.89527721,7.997946612,10.73921971,8.63449692,9.743326489,5.328542094,4.31211499,0.441478439,3.624229979,2.094455852,0.934291581,1.991786448,1.550308008,4.897330595,0.698151951,2.207392197,48.08008214,97.4
13,2013,Houston Texans,2,14,0,2,276,428,1.9,54.65424124,12.45,20.52313883,15.98009107,14.306894,1.186063751,11.99830562,9.530869427,4.426559356,10.04977232,13.35380705,6.015037594,5.930318755,6.205654983,5.083130361,2.117970984,8.387165096,1.143704331,0.381234777,5.623212962,0.847188394,0.593031875,0.857778248,43.22778778,94.43
14,2013,Indianapolis Colts,11,5,0,11,391,337,0.6,46.41090469,9.95,19.05023634,19.67681653,8.178520391,1.802792129,9.123886996,17.76409805,5.474332197,7.266131692,10.67384852,1.978674288,10.47598109,10.87171595,1.934703748,5.83708915,6.034956579,2.53929867,2.891062988,3.726503243,8.541277344,0.406727493,0.78047708,47.75200616,90.97
15,2013,Jacksonville Jaguars,4,12,0,4,247,449,1.5,54.85951835,11.39,7.382454128,17.05848624,3.72706422,9.518348624,6.823394495,16.22706422,8.873279817,9.934059633,8.099197248,8.514908257,5.246559633,3.655389908,4.587155963,5.203555046,10.66513761,0.802752294,3.913417431,2.938646789,0.65940367,0.487385321,0.573394495,39.93692661,69.76
16,2013,Kansas City Chiefs,11,5,0,11,430,305,-1.7,42.76392449,10.15,22.66371475,17.96783966,10.96481007,2.680027966,9.147051969,19.38941972,4.4045677,9.205313447,6.245630389,3.029596831,12.73595898,11.68725239,12.49126078,3.355861105,5.826147751,1.596364484,1.27010021,0.827312981,0.244698206,0.489396411,0.477744116,53.8802144,85.82
17,2013,Miami Dolphins,8,8,0,8,317,335,0.3,41.31025119,24.74,18.44308667,18.6241231,12.80832768,7.546956325,20.44580222,9.074451233,7.942973523,5.894998869,8.791581806,6.053405748,7.965603078,5.634758995,2.070604209,3.190767142,1.946141661,1.651957456,0.441276307,2.715546504,5.894998869,1.097533379,NA,55.49898167,88.38
18,2013,Minnesota Vikings,5,10,1,5.5,391,480,-1.1,50.26581883,28.03,8.256020015,16.51204003,3.627645158,7.005107891,22.21411446,10.63275305,4.492859377,7.411654331,7.880746378,3.721463567,8.057958928,4.617950589,3.648493693,1.636610028,12.54039404,0.364849369,0.416970708,3.950797456,4.409465235,0.854789951,2.209944751,48.09757115,95.93
19,2013,New England Patriots,12,4,0,12,444,338,-0.7,50.06365004,16.51,14.90568221,21.07394977,7.996759634,13.79469969,5.311885198,11.83890753,13.05404467,13.65582687,8.286078,3.876866103,7.070940863,6.908922578,3.714847819,4.085175327,2.71959264,0.381900243,3.182502025,0.94896424,3.367665779,0.520773059,0.451336651,45.85117463,86.41
20,2013,New Orleans Saints,11,5,0,11,414,304,1.9,52.1881954,7.9,18.45925612,15.34385928,9.950196037,3.72999894,4.6413055,19.13743775,9.78065063,15.54519445,9.971389213,3.030624139,3.835964819,8.509060083,1.229204196,2.363039101,7.820281869,1.6636643,0.052982939,1.727243827,2.606760623,0.646391862,0.476846455,45.4487655,94.37
21,2013,New York Giants,7,9,0,7,294,383,0.2,53.20409262,14.47,20.01077006,20.25848142,9.369951535,2.81098546,12.77329025,8.282175552,10.24232633,18.40603123,7.259019925,2.509423802,5.600430802,10.63004847,2.972536349,2.918686053,3.866451265,1.529348411,0.516962843,4.415724286,2.638664513,0.872374798,0.904684976,43.87722132,92.85
22,2013,New York Jets,8,8,0,8,290,387,0,56.77134446,4.64,16.40088322,21.6265947,13.83709519,1.754170756,3.937684004,19.45534838,3.52060844,15.33366045,12.61040236,2.600588813,8.390578999,2.563788027,6.354268891,1.680569185,4.170755643,0.355740922,0.625613346,9.715407262,2.036310108,0.699214917,0.417075564,41.54808636,81.52
23,2013,Oakland Raiders,4,12,0,4,322,453,0.2,47.71375465,5.4,20.55762082,15.7063197,10.22304833,4.033457249,6.003717472,11.76579926,5.576208178,0.6133829,7.323420074,2.49070632,6.56133829,10.33457249,3.773234201,9.925650558,17.99256506,0.6133829,7.583643123,3.568773234,2.80669145,1.728624535,3.568773234,42.3605948,53.8
24,2013,Philadelphia Eagles,10,6,0,10,442,382,-1.9,64.45182724,4.64,11.29568106,22.3255814,5.260243632,2.535991141,2.61351052,17.08748616,7.508305648,11.68327796,16.74418605,4.80620155,13.89811739,6.035437431,9.667774086,2.026578073,5.393133998,0.542635659,0.57585825,0.919158361,4.2303433,0.908084164,3.49944629,33.52159468,90.3
25,2013,Pittsburgh Steelers,8,8,0,8,379,370,-2.5,44.54335641,10.57,22.31014397,10.52862952,7.770084625,2.187053522,9.429607649,19.25486317,4.165292889,13.48499835,9.814265304,8.06682053,3.461918892,14.54005935,2.681613364,2.329926366,2.231014397,0.25277503,1.538630619,2.912407957,0.769315309,0.538520717,0.417628311,53.12671722,90.99
26,2013,San Diego Chargers,9,7,0,9,396,348,-0.3,56.9259962,5.18,15.09096997,16.30762362,4.442460096,3.326264092,2.455631209,16.97734122,9.777876995,14.82308293,10.12389776,8.148230829,1.875209287,10.64850988,1.875209287,5.234959259,4.665699297,3.504855453,1.038062284,4.654537337,NA,0.692041522,2.85746177,37.83904454,89.59
27,2013,San Francisco 49ers,12,4,0,12,406,272,1.8,48.39285714,9.94,20.18907563,15,10.99789916,2.962184874,7.478991597,15.12605042,5.472689076,1.743697479,14.54831933,8.62394958,6.302521008,9.180672269,2.405462185,5.861344538,7.741596639,3.49789916,2.016806723,3.235294118,3.897058824,0.346638655,0.735294118,45.74579832,95.2
28,2013,Seattle Seahawks,13,3,0,13,417,231,1.4,55.97094638,24.13,9.805597095,22.36701559,2.574236274,5.821405683,19.9530015,6.227301859,2.659688101,1.217688528,13.46934416,10.22217475,14.46272164,7.23136082,10.32898953,2.22174749,8.107242042,1.121555223,0.491348003,5.244605853,4.133732109,0.608844264,0.587481307,41.80730613,93.62
29,2013,St. Louis Rams,7,9,0,7,348,364,3.2,43.09304179,18.81,19.10944084,17.70868922,15.9890673,3.097597085,18.32365334,14.8730213,6.115476597,12.27650609,5.022207038,5.22719508,4.748889648,3.108985309,3.894772805,1.514633869,2.41430361,0.444140758,0.466917208,6.84432297,0.854116843,0.603575903,0.444140758,55.39232434,87.81
30,2013,Tampa Bay Buccaneers,4,12,0,4,288,389,3.6,42.53975414,15.13,25.62309688,22.91643171,16.9843239,12.95815947,4.10510883,7.995940002,10.70260517,1.037554979,11.80782677,2.108943273,8.368106462,8.627495207,5.8193301,6.78921845,3.789331228,2.853276193,3.450998083,3.845720086,2.548776362,0.484944175,0.879666178,50.6710274,88.67
31,2013,Tennessee Titans,7,9,0,7,362,381,0.4,59.45132151,5.49,17.95472287,23.54187577,8.910449426,4.193152671,1.929296309,12.38987398,6.546225047,5.587152894,10.14832162,6.144752983,15.11096242,9.033121445,8.430913349,4.081632653,13.05899409,1.193264191,2.464592394,1.8735363,6.680049069,0.423776068,0.970224155,36.46704583,89.67
32,2013,Washington Redskins,3,13,0,3,334,478,-0.3,52.0315666,13.4,11.97611176,19.43052149,7.315772635,5.054921617,9.224698731,19.11058974,5.716113896,5.822757812,19.09992535,4.521702037,7.678361949,4.660339128,7.678361949,2.580782766,2.20752906,0.853151328,0.46923323,6.036045644,NA,1.258398208,0.959795244,45.38765063,93.77
33,2014,Arizona Cardinals,11,5,0,11,310,299,1.3,44.08822192,20.18,17.12141883,11.72123693,13.89267849,3.956343793,18.98590268,13.18781264,4.479308777,13.57435198,12.97180537,4.024556617,3.717598909,3.217371533,2.61482492,2.660300136,1.807639836,1.36425648,0.363801728,3.524329241,1.091405184,0.932241928,NA,53.25147794,87.96
34,2014,Atlanta Falcons,6,10,0,6,381,417,-1.6,58.90801447,11.63,10.68961737,21.74103717,4.878851003,8.661330994,4.089463875,13.40861748,9.669992325,15.31630304,14.69137156,0.94287907,9.275298761,5.810766363,7.729415634,4.242955816,5.744984103,0.964806491,2.72996382,2.806709791,1.545883127,0.548185506,0.471439535,36.84902971,91.21
35,2014,Baltimore Ravens,10,6,0,10,409,302,-2.1,43.23831243,16.67,15.7354618,16.23717218,10.82098062,14.48118586,4.538198404,17.90193843,9.543899658,14.1277081,6.259977195,4.424173318,4.515393387,4.925883694,3.30672748,4.116305587,1.676168757,2.554161916,0.524515393,2.177879133,1.197263398,1.037628278,0.524515393,52.64538198,87.7
36,2014,Buffalo Bills,9,7,0,9,343,289,1.6,38.89231528,22.03,16.40557543,15.88750463,8.26446281,11.47156778,15.70247934,14.29628716,5.217713087,5.032687801,5.760453929,2.738374244,5.711113852,8.141112619,1.739237696,3.244110028,9.485629703,0.345380535,1.862587887,4.971012705,3.971876156,1.036141606,NA,57.86357469,81.07
37,2014,Carolina Panthers,7,8,1,7.5,339,374,-0.9,50.30449125,24.8,6.229383405,15.79548338,2.042628774,6.165947729,25.28546054,8.842933266,4.072570414,8.322760721,3.920324791,9.223547323,3.768079168,4.186754631,0.735853844,3.159096676,10.55569652,0.558233951,1.662014717,7.954833799,2.334432885,0.938848008,3.184470946,46.53641208,78.82
38,2014,Chicago Bears,5,11,0,5,319,442,1,56.55823715,6.36,14.18911041,14.52722397,10.31829311,2.051999534,5.363180599,18.50297307,11.11111111,17.04558704,10.64474758,6.354203101,1.329136062,3.870817302,0.384749913,3.322840154,7.846566399,0.396409001,2.425090358,2.07531771,0.956045237,0.501340795,0.128249971,40.1189227,85.77
39,2014,Cincinnati Bengals,10,5,1,10.5,365,344,-0.6,41.94392132,23.27,19.29273907,15.51579828,14.10336891,12.82695125,11.51914626,10.86001255,9.081397782,8.683825068,8.485038711,6.183301946,5.670642394,5.189370161,4.927809165,3.557229546,2.741159238,1.841389412,1.109018623,0.753295669,0.742833229,0.606821511,0.334798075,54.49884913,95.58
40,2014,Cleveland Browns,7,9,0,7,299,337,-1.5,43.8900083,14.07,21.06198886,26.6445419,15.63351902,8.379755837,8.296787958,17.2454664,3.271304966,2.453478725,9.363517838,4.100983762,14.05712931,5.428469835,12.13701553,1.125992651,1.339338627,0.438544506,0.118525542,9.304255067,1.920113785,0.580775157,NA,54.98399905,84.37
41,2014,Dallas Cowboys,12,4,0,12,467,352,-1.8,51.97041194,7.14,24.6014539,21.09424818,20.928453,4.871827573,4.234153807,11.01900268,2.512434638,12.16681546,5.445733963,9.820175998,14.16911108,3.673000893,5.369213111,3.303150108,2.665476342,0.637673766,1.670705267,4.425455937,8.799897972,0.994771075,0.752455044,44.72643795,78.41
42,2014,Denver Broncos,12,4,0,12,482,354,1.6,54.84533852,7.1,17.94289422,20.09517629,11.66991131,5.688946571,2.000865239,16.22323167,9.193164612,14.78477179,14.84966472,2.941812676,9.366212416,6.272982912,6.889465715,3.30953926,2.173913043,2.606532555,0.248756219,1.546614752,2.476746701,0.454250487,NA,41.84512222,92.46
43,2014,Detroit Lions,11,5,0,11,321,282,-0.4,48.738768,29.39,7.534913933,10.00324781,3.24780773,22.76713219,9.05055754,10.62033128,4.232976074,13.92226914,15.14561005,4.113889791,4.070585688,4.287106203,1.786294251,1.288297066,4.969145827,0.433041031,0.324780773,1.699686045,2.295117462,0.519649237,0.584605391,49.97293494,92.37
44,2014,Green Bay Packers,12,4,0,12,486,348,-0.3,41.93210394,5.54,20.89270746,14.6898575,14.98323554,4.117770327,1.676445935,27.09555742,9.61860855,15.06705784,7.229673093,1.927912825,3.918692372,5.90947192,0.471500419,4.28541492,2.189857502,0.974434199,2.661357921,1.163034367,3.436714166,0.6496228,0.817267393,53.78248114,95.44
45,2014,Houston Texans,9,7,0,9,372,307,-2.3,55.98612606,6.26,18.58629351,20.89462983,15.30917354,1.43523502,6.051907667,14.7829207,1.973448152,4.437268269,17.89259658,3.994737472,11.44599928,3.277119962,8.874536539,3.157517043,8.372204282,1.889726109,0.562133716,7.487142686,2.559502452,0.71761751,0.39468963,40.8563569,83.61
46,2014,Indianapolis Colts,11,5,0,11,458,369,-1.1,38.61114047,15.62,20.55808054,14.03657119,13.45523729,5.887326921,10.62255576,19.65965543,6.288975795,8.350068703,10.42173132,2.378184124,6.38410316,7.102843251,2.800972413,4.925483564,3.403445725,2.515590318,1.923686714,1.363492231,3.593700454,0.486206532,NA,56.46337596,94.61
47,2014,Jacksonville Jaguars,3,13,0,3,249,412,-163,47.35412237,22.95,7.429718876,15.19017245,4.972832506,11.26860383,15.83982991,12.96952516,11.97732105,8.988896764,7.559650366,9.803921569,1.665485471,2.468698323,0.732341129,5.126387905,5.279943303,0.720529176,3.933380581,1.547365934,0.401606426,0.460666194,1.074887786,47.51948972,84.66
48,2014,Kansas City Chiefs,9,7,0,9,353,281,1.1,45.95528675,10.69,18.93293012,9.817474889,6.18857328,3.466897073,8.078626202,19.65655038,3.110487094,7.149800194,14.21319797,4.4821255,5.799762393,12.74435684,5.076142132,3.920509774,9.353061886,3.088886489,0.345609677,0.907225402,0.734420564,0.486013608,0.928826007,50.12420348,92.59
49,2014,Miami Dolphins,8,8,0,8,388,373,1.6,47.95831561,17.46,14.82347937,14.24925564,7.922160783,3.413441089,15.15312633,14.85538069,4.529987239,6.688643131,21.2781795,1.807741387,6.114419396,6.911952361,3.15823054,3.796256912,3.934495959,2.679710761,0.393449596,3.604849,2.956188856,0.723096555,NA,48.24542748,94.04
50,2014,Minnesota Vikings,7,9,0,7,325,343,-0.5,55.53997195,20.12,9.882403711,20.00215773,6.602654008,9.5155896,12.19117488,10.86417089,5.361959219,8.523033768,8.425935915,3.193440501,9.893192362,3.279749703,4.552810443,2.006688963,13.32398317,0.453123314,0.496277916,4.7577948,5.329593268,1.057287733,2.060632215,42.45333909,92.69
51,2014,New England Patriots,12,4,0,12,468,313,1.3,49.61939337,10.6,20.54104696,14.18198852,13.08115704,9.204824921,3.208806652,13.11628996,4.356482024,13.45590819,12.0974353,6.370769411,7.940039817,7.47160089,3.946597962,4.309638131,3.454737089,0.433306008,3.31420541,1.885466682,3.560135847,0.562126713,0.491860874,46.0709685,85.39
52,2014,New Orleans Saints,7,9,0,7,401,424,-1.5,60.09163803,7.56,15.16609393,22.0045819,7.227949599,4.39862543,4.261168385,12.02749141,18.33906071,16.55211913,10.57273769,5.372279496,3.115693013,7.93814433,0.790378007,4.054982818,4.341351661,2.817869416,0.49255441,0.549828179,2.325315006,0.744558992,1.225658648,35.85337915,87.3
53,2014,New York Giants,6,10,0,6,389,400,-0.4,51.10889332,13.81,21.78975383,16.09004214,7.618097139,2.284320248,13.02949656,8.017298736,6.28742515,17.68684853,10.67864271,1.497005988,7.10800621,14.17165669,6.487025948,3.770237303,4.302506099,1.663339987,1.142160124,2.694610778,0.620980262,0.964737192,0.842758927,45.12086937,90.18
54,2014,New York Jets,4,12,0,4,283,401,2.3,58.21966978,7.93,12.21584111,27.19550132,8.171811438,2.82364202,6.66427375,15.13519981,3.768844221,5.467815267,15.27877483,3.362048337,15.42234984,4.044029672,12.76621201,4.941373534,6.101938263,0.502512563,3.637233788,8.004307251,2.656137832,0.801627184,0.825556353,36.83895669,83.58
55,2014,Oakland Raiders,3,13,0,3,253,452,3.4,45.41392286,14.02,23.31843838,16.19238006,10.91251176,2.516462841,13.96989652,10.3480715,2.163687676,8.948730009,7.784571966,1.599247413,12.12370649,12.39416745,6.467544685,4.444967074,6.585136406,0.540921919,2.89275635,1.904985889,5.656161806,1.023047977,4.303857008,50.14111007,85.04
56,2014,Philadelphia Eagles,10,6,0,10,474,400,-0.7,53.06993543,4.45,17.44555106,24.14359199,10.6271205,3.195797308,1.674510233,22.33774762,9.40133523,2.976907081,8.832220641,4.301192952,11.90762832,6.807486046,6.730874466,2.276458356,9.970449819,1.083506621,0.339279851,2.834628434,4.793695961,0.853671884,3.239575353,44.65360622,91.37
57,2014,Pittsburgh Steelers,11,5,0,11,436,368,-2,45.28069783,7.06,20.26392306,12.39096399,11.14963096,2.896443749,4.998881682,24.16685305,3.813464549,18.08320286,6.374412883,6.564526951,3.60098412,9.114292105,1.56564527,2.393200626,1.386714382,0.357861776,1.498546187,4.987698501,2.02415567,0.536792664,0.480876761,52.32610154,89.42
58,2014,San Diego Chargers,9,7,0,9,348,348,1.9,56.46546787,5.27,16.35551483,17.0312679,5.257129767,4.249226893,1.775283473,15.45069293,7.215668308,15.2216241,9.071125873,7.868514489,2.622838163,11.10983851,2.622838163,5.692360554,7.272935517,3.527660062,1.454587103,7.192761425,NA,0.721566831,NA,37.84217157,87.31
59,2014,San Francisco 49ers,8,8,0,8,306,340,1.2,51.44162768,11.95,12.2293548,19.02948537,5.396583614,1.38178653,11.62006311,19.20356871,7.855510826,5.059297139,11.47862039,7.757588946,9.977151561,6.832771189,2.817974105,4.112718964,6.843651398,1.98019802,1.653791753,1.196822979,7.170057665,0.467848983,1.272984441,44.44565336,91.91
60,2014,Seattle Seahawks,12,4,0,12,394,254,0.8,43.4666045,20.56,18.8949761,20.67840075,5.291992074,10.25760578,13.69623499,10.10607297,3.601818394,1.853362863,5.991374286,5.816528733,10.74717333,13.60298403,10.31588763,3.566849283,8.4508684,1.247231612,1.515328127,6.329409022,0.384660217,0.792633174,0.746007693,52.96654622,85.79
61,2014,St. Louis Rams,6,10,0,6,324,354,1,53.747577,23.39,5.589058798,21.58087443,3.715270299,5.233685117,19.95477062,14.09648934,2.466077967,16.37949602,5.772130088,6.569028645,14.8180056,1.873788499,10.88735731,1.712255008,2.982985139,0.592289468,0.506138273,4.296790868,3.930648288,0.613827267,0.473831574,44.54016799,92.86
62,2014,Tampa Bay Buccaneers,2,14,0,2,277,410,-1.5,41.0453583,28.76,18.93458152,16.51621531,10.21954753,21.60927226,10.44243843,4.647275159,7.076785913,4.435528809,13.54062187,3.354507968,6.497269587,8.726178536,4.881310598,3.321074334,2.830714365,2.641257105,0.345480887,2.942159813,1.627103533,0.345480887,0.367769977,55.63356737,89.73
63,2014,Tennessee Titans,2,14,0,2,254,438,-0.3,50.21751255,11.14,21.58393753,22.82208589,9.269380926,6.023424428,6.402677078,13.47462354,10.4852203,5.26491913,8.600111545,7.0273285,11.36642499,12.31455661,10.66369214,2.297824875,6.001115449,1.282766313,0.513106525,0.970440602,0.70273285,0.501952036,0.501952036,47.48466258,89.65
64,2014,Washington Redskins,4,12,0,4,301,438,-0.2,51.62479834,17.16,9.287854344,23.23115925,6.556810325,8.826918645,10.94722286,17.6423139,6.879465315,6.16501498,16.02903895,3.191979719,12.81401245,2.731044019,11.82300069,1.659368518,2.31620189,0.36874856,0.495505877,3.537681493,0.495505877,0.795114082,1.186909426,46.71583314,86.78
65,2015,Arizona Cardinals,13,3,0,13,489,313,1.3,49.87933304,16.69,19.59192628,22.04914436,16.47652479,4.0039491,14.30451953,10.90390522,10.15796402,8.951294427,13.25142606,3.916191312,9.828872312,3.115401492,8.227292672,1.327336551,1.700307152,0.438788943,0.383940325,2.073277753,1.590609917,0.504607284,NA,48.79333041,91.16
66,2015,Atlanta Falcons,8,8,0,8,339,345,-3.4,56.6758472,13.99,10.94479703,13.14812597,4.430607113,8.645671177,8.118788169,9.328224165,5.867560771,17.66255538,20.99149802,2.490719674,5.496347743,6.514189917,4.406657885,6.286672255,1.484852114,2.945754999,2.670338882,1.772242845,1.089689858,0.670578374,0.91007065,37.03748054,83.51
67,2015,Baltimore Ravens,5,11,0,5,328,401,2.6,50.15662651,4.62,20.71084337,17.69879518,14.02409639,2.228915663,3.325301205,18.93975904,7.987951807,14.45783133,7.204819277,7.819277108,7.602409639,6.686746988,7.012048193,4.626506024,2.409638554,2.048192771,2.012048193,2.108433735,0.590361446,0.56626506,0.56626506,45.21686747,83
68,2015,Buffalo Bills,8,8,0,8,379,359,-1.2,37.36410029,26.31,18.02751276,11.74839139,9.940093188,13.4346572,15.75327269,12.01464389,3.272686931,2.984246727,10.13978256,4.892389616,3.139560683,8.08741957,1.242511649,3.405813179,6.190370535,0.410472598,2.163301531,5.336143776,1.897049035,0.843132904,1.397825605,59.23008653,90.14
69,2015,Carolina Panthers,15,1,0,15,500,308,-3.9,51.37070605,20.99,7.866174331,16.2246839,3.972250196,4.912162918,18.5744657,13.59516616,3.491104397,11.88318228,6.758420051,6.277274253,3.647756518,3.905113573,2.752601544,3.681324829,7.586438402,0.525903547,2.383350117,9.085822983,0.895154974,0.772071165,2.640707172,44.94796912,89.37
70,2015,Chicago Bears,6,10,0,6,335,397,2.6,58.37537841,3.58,14.03884965,15.56508577,6.306760848,2.043390515,2.472250252,19.51311806,13.21897074,14.85872856,11.25126135,6.584258325,1.210898083,7.732088799,1.147830474,3.821897074,10.1160444,0.479313824,3.203834511,1.147830474,0.063067608,0.138748739,NA,37.80272452,79.28
71,2015,Cincinnati Bengals,12,4,0,12,419,279,1.9,44.66059603,17.99,17.90149007,18.41887417,12.45860927,10.55463576,8.060844371,14.77649007,9.964817881,7.357201987,13.3692053,2.400662252,7.636589404,5.432533113,6.953642384,4.045943709,2.742135762,1.986754967,1.396937086,0.817466887,0.68294702,0.651903974,0.372516556,51.29346026,96.64
72,2015,Cleveland Browns,3,13,0,3,278,432,3.5,41.72143311,10.46,26.76489294,20.53211787,18.67712529,1.950392198,9.147763409,18.21072716,4.388382446,5.395378418,11.2253551,3.625185499,10.06995972,8.098367607,7.737969048,2.215391138,1.250794997,1.558193767,0.328598686,6.073775705,1.695993216,0.328598686,0.328598686,56.06317575,94.34
73,2015,Dallas Cowboys,4,12,0,4,275,374,-0.7,48.83829539,9.66,24.90367776,14.86281378,20.45534151,4.506713368,6.771745476,11.06830123,3.14068885,14.41914769,9.643899591,7.11033275,7.740805604,4.448336252,4.740221833,3.911266783,2.767075306,0.852305896,2.113251605,3.981319323,2.545242265,0.945709282,0.490367776,47.25043783,85.65
74,2015,Denver Broncos,12,4,0,12,355,296,2.1,55.10651629,6.66,17.84670008,17.70050125,9.189640769,2.965747703,3.989139515,17.42898914,6.996658312,13.72180451,16.53091061,5.691311612,9.920634921,8.657059315,9.461152882,2.662907268,1.472431078,1.691729323,0.365497076,0.772765246,0.469924812,0.605680869,NA,42.23057644,95.76
75,2015,Detroit Lions,7,9,0,7,358,440,2.4,55.54772807,16.55,11.31853939,8.512386991,4.532112246,10.50839497,8.911588588,11.4711753,4.696489374,15.07573089,20.7937067,6.222848421,2.876599742,6.786427146,2.453915698,2.230832453,4.555594693,0.516613831,1.174122344,0.927556651,0.422684044,0.540096278,0.399201597,42.22143947,85.17
76,2015,Green Bay Packers,10,6,0,10,368,323,2.5,44.65363012,6.47,17.5993343,15.31100478,8.633243187,1.581027668,5.148741419,26.6798419,10.13105887,14.62450593,9.028500104,2.361140004,4.264614104,8.966091117,0.509673393,4.337424589,2.537965467,0.977740795,2.600374454,0.915331808,3.744539214,0.748907843,0.800915332,51.00894529,96.14
77,2015,Houston Texans,9,7,0,9,339,313,-2.4,41.62378502,14.36,22.3670669,18.19325329,18.07890223,3.46483705,12.95597484,17.14122356,3.350485992,5.008576329,5.065751858,4.311034877,13.19611206,4.288164666,8.461978273,2.813036021,8.63350486,1.669525443,0.388793596,1.635220126,4.734133791,0.754716981,0.423098914,55.56317896,87.45
78,2015,Indianapolis Colts,8,8,0,8,333,408,-2,36.94203864,10.44,20.76393515,10.85942705,16.31134799,6.651121475,4.941150344,25.08327781,4.31934266,8.605374195,10.08216744,3.120142127,5.607372863,4.452587164,5.263157895,5.618476571,4.274927826,2.476127026,2.131912059,0.932711526,0.344214968,1.010437486,NA,57.43948479,90.06
79,2015,Jacksonville Jaguars,5,11,0,5,376,448,-3,49.26320318,22.07,11.64891901,19.53318275,7.056039583,10.54103474,13.19780574,13.84317522,9.422394321,6.464450898,5.37807895,12.98268259,7.206625793,4.592879423,0.623857158,1.495105948,4.894051845,0.688394106,0.344197053,2.914918791,6.582768635,0.46251479,NA,49.24169087,92.97
80,2015,Kansas City Chiefs,11,5,0,11,405,287,1.6,47.96160228,7.98,20.41953069,13.79473809,8.734297227,3.567196018,5.890021332,18.16781228,5.321166153,17.99004503,5.024887414,1.860630481,7.774354112,11.69708462,6.233704669,3.981986253,8.023228253,3.187959232,0.426641384,0.711068974,1.540649443,0.367385636,1.256221854,48.05641147,84.38
81,2015,Miami Dolphins,6,10,0,6,310,389,-1.9,39.53871499,22.05,22.21518185,19.35115955,12.26713978,10.07476872,17.8811304,8.503358256,1.381320492,6.539095172,6.08287923,5.284501331,11.2786719,9.935369408,9.605880117,1.799518439,2.281079711,0.380179952,0.380179952,6.691167152,1.672791788,1.02648587,NA,58.66176657,78.91
82,2015,Minnesota Vikings,11,5,0,11,365,302,1.9,55.67406143,17.53,14.72909556,21.58703072,10.6975256,7.519197952,11.1774744,8.393771331,4.031569966,3.818259386,11.34812287,6.228668942,10.846843,4.031569966,4.820819113,2.517064846,12.26535836,0.458617747,1.631825939,6.708617747,6.026023891,0.42662116,0.42662116,41.80887372,93.76
83,2015,New England Patriots,12,4,0,12,465,315,-2.4,55.46893181,12.46,13.12543635,17.4074936,3.44426344,5.329299511,9.169187805,12.67163137,1.605771468,12.18291832,12.90435187,9.622992786,12.92762392,9.681172911,6.772166628,4.247149174,3.095182686,0.895973935,2.967186409,2.874098208,5.864556667,0.395624855,0.546893181,40.28391901,85.94
84,2015,New Orleans Saints,7,9,0,7,408,476,-2.3,57.66298633,6.48,19.07202944,17.21871714,8.898527865,2.35278654,6.164563617,10.4232387,10.39695058,23.31756046,8.583070452,3.470031546,4.061514196,10.17350158,1.117245005,4.324395373,4.968454259,3.128286015,0.394321767,2.760252366,2.94426919,0.801787592,0.105152471,38.0126183,76.08
85,2015,New York Giants,6,10,0,6,420,442,-2.2,54.00728597,13.34,18.27185792,19.64936248,15.25500911,2.288251366,12.89845173,9.665300546,7.217668488,13.44489982,13.13752277,1.673497268,11.17941712,3.016848816,9.460382514,2.857468124,5.737704918,0.455373406,1.195355191,1.263661202,1.719034608,1.206739526,0.37568306,43.1352459,87.84
86,2015,New York Jets,10,6,0,10,387,314,-3,48.30795262,11.25,27.85532995,22.89551607,22.81091371,4.801184433,7.106598985,9.739847716,3.045685279,3.585025381,14.18147208,2.823604061,12.45769882,5.044416244,8.608291032,2.241962775,4.399323181,0.401861252,1.226734349,7.402707276,3.838832487,0.602791878,0.412436548,49.4500846,94.56
87,2015,Oakland Raiders,7,9,0,7,359,399,2.3,48.30923375,14.85,15.67801435,25.77706934,4.178526699,7.229875897,9.666401002,13.79938518,1.013321189,1.502903336,10.15598315,3.984970967,13.30980303,11.49948765,5.943299556,5.305704201,3.210748036,1.275190709,2.994421041,11.45394512,7.377889104,1.02470682,3.677558921,46.38506205,87.83
88,2015,Philadelphia Eagles,7,9,0,7,377,430,-1.3,52.53690037,5.85,19.18819188,18.63468635,10.64345018,3.528597786,3.217250923,18.47324723,1.614391144,13.23800738,7.380073801,4.808579336,13.04197417,8.533210332,6.941881919,3.067343173,8.902214022,1.602859779,0.645756458,3.989852399,5.661900369,0.818726937,NA,44.39575646,86.72
89,2015,Pittsburgh Steelers,10,6,0,10,423,319,2.2,51.5705579,10.63,15.65869667,16.04547586,11.06422879,2.812939522,9.646038444,17.34646038,4.336615096,17.17065166,8.884200656,5.075011721,6.540084388,4.594467886,2.894983591,2.953586498,2.730895452,0.363338022,2.027660572,5.168776371,3.645100797,0.562587904,1.66432255,45.4758556,85.32
90,2015,San Diego Chargers,4,12,0,4,320,398,2.2,54.86483404,9.32,17.6571233,15.27318353,7.733546253,8.668871906,1.961902589,12.26189118,7.92745523,18.62666819,6.78681419,8.623246264,5.965552641,9.92357705,3.900992358,4.585376982,5.851488537,3.524580814,0.353598722,1.391582069,1.779400023,0.718603855,NA,40.54978898,87.67
91,2015,San Francisco 49ers,5,11,0,5,238,387,3.8,55.27184959,6.72,13.83384146,18.31808943,4.535060976,1.791158537,6.745426829,17.31453252,5.983231707,15.9679878,12.65243902,2.515243902,10.5945122,9.298780488,7.06300813,5.043191057,3.976117886,0.444613821,3.836382114,1.740345528,3.531504065,0.74949187,1.854674797,39.68495935,78.72
92,2015,Seattle Seahawks,10,6,0,10,423,277,2.2,40.2313476,19.14,22.7183343,9.93637941,11.91440139,7.773279352,14.36668595,10.45691151,2.452284558,6.720647773,7.530364372,7.403123193,6.119144014,10.80393291,5.714285714,4.453441296,7.657605552,1.179872759,2.614227877,1.376518219,0.4048583,0.659340659,0.983227299,55.3152111,86.45
93,2015,St. Louis Rams,7,9,0,7,280,330,3,42.50300317,21.59,7.808234138,14.44796331,4.226274981,8.463470569,15.10319974,23.05340177,2.326089331,4.051545266,8.649120891,10.7895599,11.02981326,3.581959157,6.541443704,3.068690619,3.669324014,1.845582614,0.556950966,1.081140111,4.193513159,0.655236431,1.20126679,54.42830621,91.57
94,2015,Tampa Bay Buccaneers,6,10,0,6,342,417,-3,48.82171499,21.24,11.38803208,17.87785318,7.612584824,22.07279457,4.13325108,12.19000617,7.612584824,5.515114127,16.73041333,4.00987045,5.638494756,3.763109192,1.024059223,1.39420111,4.157927205,0.407156076,0.530536706,4.614435534,4.614435534,0.468846391,0.542874769,49.7840839,81.05
95,2015,Tennessee Titans,3,13,0,3,299,423,-2.8,36.16304727,16.5,26.02485193,9.615607943,14.24921612,8.744628963,10.40529555,14.3769597,3.774242248,4.505864592,7.10718848,9.696899315,4.935547555,11.77563581,2.357449774,4.285216583,4.714899547,1.800023226,1.730344908,0.90581814,2.578097782,0.743235397,0.510974335,59.55173615,86.11
96,2015,Washington Redskins,9,7,0,9,388,379,-2.5,55.48902196,14.61,13.39543136,21.25748503,8.3721446,4.113994234,12.08693724,13.25127523,7.207806609,7.030383677,19.50543358,4.302506099,9.957862054,5.02328676,8.860057662,1.663339987,2.716788645,0.399201597,0.37702373,4.091816367,0.576624529,0.876025726,1.208693724,42.84763806,90.18
97,2016,Arizona Cardinals,7,8,1,7.5,418,362,-1.9,49.65418817,15.15,19.2776375,13.51410693,11.34043254,3.447140191,13.18476232,13.56899769,6.378307169,14.76561642,14.91931057,4.13876386,6.136787792,7.937204962,5.2146229,0.867274124,2.360302997,0.054890767,0.428147986,0.999011966,0.867274124,0.395213525,NA,49.47853771,91.09
98,2016,Atlanta Falcons,11,5,0,11,540,406,0.1,59.59351561,12.96,9.157996613,16.4166465,4.451971933,3.96806194,11.71062182,10.2709896,7.125574643,20.0580692,17.20300024,4.306798935,6.097265909,4.706024679,3.520445197,5.298814421,1.391241229,2.129203968,2.504234212,3.181708202,2.080812969,0.67747399,0.701669489,35.10766997,82.66
99,2016,Baltimore Ravens,8,8,0,8,343,321,0.2,47.65805261,5.08,24.52699585,13.74019382,17.08583295,3.587909552,2.284263959,16.19750808,4.822335025,18.37794186,10.34840794,6.356714352,5.399169359,7.441162898,0.461467467,5.756806645,1.903553299,2.365020766,2.676511306,3.518689432,1.303645593,0.715274573,0.576834333,46.58514075,86.68
100,2016,Buffalo Bills,7,9,0,7,399,378,-1.6,46.12137805,16.08,22.05110655,14.43075519,11.2936345,16.49555099,1.848049281,10.30116359,3.502167465,7.71161305,9.719370294,5.94341775,7.095596623,10.76887976,4.642938627,3.18275154,7.700205339,0.444900753,1.939310974,3.82158339,2.452657997,0.787132101,0.627424139,50.69587041,87.66
101,2016,Carolina Panthers,6,10,0,6,369,402,-1,59.82735724,11.47,7.359451085,19.92031873,2.788844622,7.901726428,4.803010181,13.84462151,1.759628154,17.75121735,6.020362992,6.330234617,7.602921647,4.570606463,4.76980965,6.274900398,8.88667552,2.257636122,3.209384683,10.56883577,2.556440903,0.818946436,1.173085436,33.89774236,90.36
102,2016,Chicago Bears,3,13,0,3,279,399,0,54.97095254,7.34,9.810369396,18.23961416,7.705798531,2.334758303,5.710840732,26.03310315,11.89301765,14.88545435,17.19829004,3.102049764,5.787569878,2.104570865,1.392085937,1.293434177,1.545544229,0.460374877,0.438452264,0.569987943,4.384522635,0.383645731,NA,43.73561329,91.23
103,2016,Cincinnati Bengals,6,9,1,6.5,325,315,0.4,46.7781654,19.68,20.34680895,17.6174841,13.59532116,10.70182639,9.491073261,9.993843628,8.762569259,9.316642725,11.66632465,2.565154935,7.993022779,6.75148779,7.274779397,2.688282372,4.976400575,1.98029961,0.092345578,0.861892058,0.718243382,0.625897804,0.646419044,50.53355223,97.46
104,2016,Cleveland Browns,1,15,0,1,264,452,1.7,47.70577439,8.26,28.27897783,22.88578286,25.7659184,4.320203304,7.341521954,9.374558803,9.063955951,12.26881265,7.722716363,3.924890583,13.05943809,2.513059438,10.40519554,2.978963716,3.190738388,1.863617111,0.536495835,0.77650713,NA,0.578850769,0.352957786,49.31526189,70.83
105,2016,Dallas Cowboys,13,3,0,13,421,306,-0.2,55.90680489,8.15,19.65513702,14.09216874,14.0100585,4.485271477,3.879708509,12.09073181,4.269732115,16.22703479,13.25053885,6.373806836,8.354716207,5.634814739,4.56738171,3.9823463,6.035102125,0.975059017,2.216976291,1.467720415,3.315200657,0.790310993,0.400287386,40.11084881,97.43
106,2016,Denver Broncos,9,7,0,9,333,297,1.8,40.05127633,9.94,25.57128525,10.63426597,17.33363059,2.385464274,8.694682867,21.98194181,1.192732137,1.716642515,18.62668599,2.965109798,8.193066548,8.237654665,7.624568053,1.315349459,5.774161186,0.356704938,0.457028202,1.248467283,0.557351466,0.501616319,0.345557909,58.63337421,89.71
107,2016,Detroit Lions,9,7,0,9,346,358,-0.6,54.11750395,10.94,16.48217978,14.24400924,6.982118964,7.894416738,5.412966792,11.67741151,3.989782265,18.96362973,14.25617321,4.634472692,9.11081377,9.48789685,6.994282934,4.415521226,3.174796253,0.985281596,2.578761708,1.14341321,0.498722783,0.839313952,0.462230872,41.46697482,82.21
108,2016,Green Bay Packers,10,6,0,10,432,388,0.1,46.70552722,8.84,18.30956594,14.52066202,9.763713959,1.155407515,8.056625377,23.39960446,5.162902051,13.45893619,13.45893619,2.362860414,8.400124909,8.545851983,3.289268242,2.383678568,3.341313625,0.353908608,1.623815968,0.968044134,4.163630686,0.405953992,0.520453836,50.91079421,96.07
109,2016,Houston Texans,9,7,0,9,279,328,0.4,43.45427541,15.73,17.71695311,21.7271377,13.87651178,5.399957564,11.28792701,19.49925737,6.047103756,10.03607044,4.392106938,1.400381922,12.97475069,3.829832379,7.235306599,2.652238489,5.474220242,1.251856567,0.785062593,2.715892213,5.739444091,0.604710376,0.434967112,53.8934861,94.26
110,2016,Indianapolis Colts,8,8,0,8,411,392,-0.8,52.88209109,6.72,16.40223719,15.78586919,12.589887,3.972149298,3.698207967,17.98881406,4.565688848,14.89555987,10.90058213,8.252482593,9.005821253,3.812350188,7.407830156,5.056500399,4.234676407,2.020317315,2.431229312,2.225773314,0.399497774,0.59353955,NA,42.06140852,87.61
111,2016,Jacksonville Jaguars,3,13,0,3,318,400,0.2,45.20249221,23.36,16.83281412,15.91900312,11.63032191,17.57009346,6.687435099,11.39148494,6.074766355,7.497403946,9.221183801,8.577362409,8.899273105,5.202492212,3.707165109,2.315680166,4.309449637,1.484942887,0.36344756,0.944963655,4.8701973,0.46728972,NA,52.48182762,96.3
112,2016,Kansas City Chiefs,12,4,0,12,389,311,0.7,47.64005293,11.7,15.13012792,10.74106749,4.245699162,7.951036612,4.962505514,20.28010587,1.643140715,14.63387737,11.501985,3.57300397,8.325981473,10.88442876,4.973533304,4.047198941,5.502867225,3.231142479,0.441111601,0.771945302,3.352448169,0.385972651,1.687251875,48.31274813,90.68
113,2016,Los Angeles Rams,4,12,0,4,224,394,-0.5,45.89008924,14.98,16.47487083,14.71348051,12.71723814,9.217942696,8.384217943,16.49835604,1.831845937,7.421324566,13.28088304,4.379990606,10.16909347,3.769375294,4.438703617,3.53452325,5.190230155,1.867073744,0.986378581,2.712541099,5.061061531,0.681070925,1.57350869,50.57538751,85.16
114,2016,Miami Dolphins,10,6,0,10,363,380,-1.3,44.11866161,25.61,18.46613775,21.68563873,8.566172243,12.935495,16.49994251,6.25503047,2.334138209,9.968954812,4.794756813,7.979763137,11.62469817,9.899965505,8.163734621,1.713234449,1.391284351,0.402437622,0.402437622,7.726802346,1.736230884,0.919857422,NA,54.16810394,86.97
115,2016,Minnesota Vikings,8,8,0,8,327,307,-0.3,52.24968314,17.74,19.70849176,21.56738488,11.03717786,8.027038445,10.70975919,8.090409801,11.03717786,8.460076046,5.999155049,6.47444022,8.734685256,8.671313899,7.741867343,1.214617659,9.167722856,0.485847064,0.211237854,1.784959865,0.443599493,0.517532742,1.119560625,46.5356992,94.68
116,2016,New England Patriots,14,2,0,14,441,250,-2.7,55.59628823,13.47,13.55252606,18.53591477,3.700309314,3.952342765,11.47897812,10.47084431,1.237255127,11.8226601,13.10573949,9.336693779,16.88624126,9.852216749,12.78496964,4.960476572,3.173330278,1.317447588,3.184786344,0.412418376,3.13896208,0.458242639,0.584259365,39.44323519,87.29
117,2016,New Orleans Saints,7,9,0,7,469,454,0.6,51.86335404,8.29,20.72275551,18.50649351,4.545454545,4.587803501,7.114624506,11.47656691,6.62055336,17.85714286,4.926595144,5.70299266,7.679277244,16.17730096,3.613777527,4.234895539,4.785431959,2.936194241,0.437605872,4.206662902,3.571428571,0.861095426,0.578769057,43.90175042,70.84
118,2016,New York Giants,11,5,0,11,310,284,0.5,47.46007098,21.52,17.83496007,9.449866903,15.32830524,6.543921917,17.32475599,8.984028394,3.260869565,18.32298137,9.671694765,2.16282165,4.913487134,2.506654836,3.127772848,1.852262644,6.865572316,0.787488909,0.277284827,1.275510204,1.785714286,0.787488909,0.987133984,50.68766637,90.16
119,2016,New York Jets,5,11,0,5,275,409,-0.1,46.96629213,13.97,24.11235955,19.76404494,17.94382022,5.393258427,10.30337079,9.842696629,4.101123596,7.179775281,14.73033708,1.842696629,9.123595506,6.168539326,4.393258427,3.370786517,3.808988764,0.337078652,2.370786517,6.539325843,4.370786517,0.662921348,NA,49.66292135,89
120,2016,Oakland Raiders,12,4,0,12,416,385,1.3,45.92788971,11.18,21.27253446,23.65853659,12.78897137,5.683987275,6.171792153,14.46447508,9.968186638,2.979851538,12.34358431,3.711558855,8.727465536,8.483563097,3.934252386,6.5747614,1.823966066,3.255567338,2.555673383,4.973488865,4.79321315,0.763520679,1.410392365,47.49734889,94.3
121,2016,Philadelphia Eagles,7,9,0,7,367,331,1.6,50.16762452,8.79,14.31992337,26.20929119,4.944923372,7.411398467,3.11302682,21.64750958,3.05316092,7.75862069,4.238505747,4.537835249,15.97222222,9.375,7.662835249,3.352490421,8.105842912,1.831896552,0.526819923,7.183908046,7.626915709,0.981800766,NA,46.47988506,83.52
122,2016,Pittsburgh Steelers,11,5,0,11,399,327,0.2,56.56290814,9.86,9.882455377,20.1458424,4.72355246,1.360470178,9.360034828,21.58249891,6.192860253,18.20853287,12.11362647,2.916848063,4.832390074,5.158902917,1.567261646,1.240748803,3.134523291,0.38093165,0.38093165,9.120592077,2.927731824,0.489769264,0.38093165,42.19634306,91.88
123,2016,San Diego Chargers,5,11,0,5,410,423,0.9,54.01146132,14.46,17.6658585,18.10667842,13.04826978,11.49437955,4.441260745,11.35111307,9.268238924,12.17765043,12.71765484,5.785761516,8.044963632,4.617588715,4.430240247,1.35552127,5.278818603,0.341635442,0.374696936,0.793475865,3.229005951,0.639188891,0.341635442,44.63301741,90.74
124,2016,San Francisco 49ers,2,14,0,2,309,480,-0.5,46.75281643,11.21,16.48994919,13.6293351,6.461232604,3.490170091,8.891097857,20.52131655,4.815551138,16.67771151,10.0839408,4.285398719,7.709299757,10.03976143,6.836757234,3.854649879,2.496134305,0.474928209,2.584493042,1.115529048,0.441793682,0.795228628,NA,49.39253369,90.54
125,2016,Seattle Seahawks,10,5,1,10.5,354,292,-1.7,39.22768751,14.89,29.22323615,4.618295126,15.19029602,4.150901402,12.41931894,10.86133986,0.456265302,14.02181171,9.637213443,9.359002893,3.127086579,14.03294013,0.734475851,4.117516136,1.880703316,1.179612731,2.604050746,1.046071667,1.602492767,0.33385266,0.478522146,56.65479635,89.86
126,2016,Tampa Bay Buccaneers,9,7,0,9,354,369,0.7,47.36621196,20.83,18.22665268,19.07660021,13.80902413,12.68625393,9.160545645,10.48268625,7.418677859,5.519412382,13.49422875,3.043022036,7.618048269,4.417628541,0.93389297,2.077649528,6.862539349,1.175236097,0.493179433,4.039874082,6.033578174,0.409233998,0.020986359,50.55613851,95.3
127,2016,Tennessee Titans,9,7,0,9,381,378,-1.2,46.86894034,11,17.74837459,15.46709251,10.18592449,4.380061595,8.166989848,18.11337972,5.463670583,5.714611612,11.21250143,8.235428311,6.843846242,7.573856507,2.372533364,4.722253907,5.748830843,2.041747462,1.870651306,3.159575682,4.471312878,0.809855139,0.501882058,48.40880575,87.67
128,2016,Washington Redskins,8,7,1,8.5,396,383,1.2,63.56536503,7.04,14.41992077,20.04527448,12.89190719,0.792303339,7.176004527,12.02037351,8.692699491,17.20430108,18.27956989,6.395019808,8.749292586,1.528013582,7.492925863,2.026032824,1.890209394,0.656479909,0.464063384,2.59196378,1.007357102,0.894170911,NA,34.40860215,88.35